﻿<?xml version="1.0" encoding="utf-8"?>
<deployment>
  <id>eb233f23-d948-4882-aee7-75d3e111585e</id>
  <author>N/A</author>
  <deployer>GITHUB_ZIP_DEPLOY</deployer>
  <authorEmail>N/A</authorEmail>
  <message>{"type":"deployment","sha":"4ce39d25640b0edf62e8081bf851da1972623330","repoName":"sbeuran/castoredc-technical-assignment","actor":"sbeuran","slotName":"production","commitMessage":"fix: update Azure deployment configuration and FastAPI setup"}</message>
  <progress></progress>
  <status>Success</status>
  <statusText></statusText>
  <lastSuccessEndTime>2025-06-09T08:23:52.8386919Z</lastSuccessEndTime>
  <receivedTime>2025-06-09T08:21:22.7256759Z</receivedTime>
  <startTime>2025-06-09T08:21:23.9562524Z</startTime>
  <endTime>2025-06-09T08:23:52.8386919Z</endTime>
  <complete>True</complete>
  <is_temp>False</is_temp>
  <is_readonly>True</is_readonly>
  <buildSummary />
</deployment>