﻿<?xml version="1.0" encoding="utf-8"?>
<deployment>
  <id>338658e9-7823-4177-a80a-1f495c431801</id>
  <author>N/A</author>
  <deployer>GITHUB_ZIP_DEPLOY</deployer>
  <authorEmail>N/A</authorEmail>
  <message>{"type":"deployment","sha":"b1921c683eb47f878c2225ffbcda8e2172f9f195","repoName":"sbeuran/castoredc-technical-assignment","actor":"sbeuran","slotName":"production","commitMessage":"fix: enhance startup script and deployment logging"}</message>
  <progress></progress>
  <status>Success</status>
  <statusText></statusText>
  <lastSuccessEndTime>2025-06-09T09:21:06.3525989Z</lastSuccessEndTime>
  <receivedTime>2025-06-09T09:21:04.0293902Z</receivedTime>
  <startTime>2025-06-09T09:21:05.3308532Z</startTime>
  <endTime>2025-06-09T09:21:06.3525989Z</endTime>
  <complete>True</complete>
  <is_temp>False</is_temp>
  <is_readonly>True</is_readonly>
  <buildSummary />
</deployment>