﻿<?xml version="1.0" encoding="utf-8"?>
<deployment>
  <id>394e3c45-840d-42ce-acd6-4235f638c26c</id>
  <author>N/A</author>
  <deployer>GITHUB_ZIP_DEPLOY</deployer>
  <authorEmail>N/A</authorEmail>
  <message>{"type":"deployment","sha":"2cd5c5f3f66072abc2fe6052cfcd576f460a7e1a","repoName":"sbeuran/castoredc-technical-assignment","actor":"sbeuran","slotName":"production","commitMessage":"fix: update application configuration and add missing endpoints"}</message>
  <progress></progress>
  <status>Success</status>
  <statusText></statusText>
  <lastSuccessEndTime>2025-06-09T08:33:53.1912551Z</lastSuccessEndTime>
  <receivedTime>2025-06-09T08:31:28.9264383Z</receivedTime>
  <startTime>2025-06-09T08:31:30.1385545Z</startTime>
  <endTime>2025-06-09T08:33:53.1912551Z</endTime>
  <complete>True</complete>
  <is_temp>False</is_temp>
  <is_readonly>True</is_readonly>
  <buildSummary />
</deployment>