﻿<?xml version="1.0" encoding="utf-8"?>
<deployment>
  <id>855430a9-98c7-4aef-bdcc-f3ecffc629b7</id>
  <author>N/A</author>
  <deployer>GITHUB_ZIP_DEPLOY</deployer>
  <authorEmail>N/A</authorEmail>
  <message>{"type":"deployment","sha":"732a2db0c7920ecb3c8e8e12b6789192f03abc57","repoName":"sbeuran/castoredc-technical-assignment","actor":"sbeuran","slotName":"production","commitMessage":"fix: use web.config instead of startup command"}</message>
  <progress></progress>
  <status>Success</status>
  <statusText></statusText>
  <lastSuccessEndTime>2025-06-09T09:07:11.3258011Z</lastSuccessEndTime>
  <receivedTime>2025-06-09T09:07:07.6383842Z</receivedTime>
  <startTime>2025-06-09T09:07:09.1056898Z</startTime>
  <endTime>2025-06-09T09:07:11.3258011Z</endTime>
  <complete>True</complete>
  <is_temp>False</is_temp>
  <is_readonly>True</is_readonly>
  <buildSummary />
</deployment>