﻿<?xml version="1.0" encoding="utf-8"?>
<deployment>
  <id>b72ef0c2-8761-497f-aa52-ea993926f1e4</id>
  <author>N/A</author>
  <deployer>GITHUB_ZIP_DEPLOY</deployer>
  <authorEmail>N/A</authorEmail>
  <message>{"type":"deployment","sha":"c757ea61c22fd4d159896877e1a1012263256b11","repoName":"sbeuran/castoredc-technical-assignment","actor":"sbeuran","slotName":"production","commitMessage":"fix: use web.config for Windows web app deployment"}</message>
  <progress></progress>
  <status>Success</status>
  <statusText></statusText>
  <lastSuccessEndTime>2025-06-09T08:03:44.8346598Z</lastSuccessEndTime>
  <receivedTime>2025-06-09T08:01:08.774804Z</receivedTime>
  <startTime>2025-06-09T08:01:10.1583913Z</startTime>
  <endTime>2025-06-09T08:03:44.8346598Z</endTime>
  <complete>True</complete>
  <is_temp>False</is_temp>
  <is_readonly>True</is_readonly>
  <buildSummary />
</deployment>