﻿<?xml version="1.0" encoding="utf-8"?>
<deployment>
  <id>5e3b03e0-c469-4cb8-a906-f5e266aa1983</id>
  <author>N/A</author>
  <deployer>GITHUB_ZIP_DEPLOY</deployer>
  <authorEmail>N/A</authorEmail>
  <message>{"type":"deployment","sha":"5249fb6a56d548283645823d8ce4fd53ac6c49b9","repoName":"sbeuran/castoredc-technical-assignment","actor":"sbeuran","slotName":"production","commitMessage":"fix: add proper app stop/start handling for deployment"}</message>
  <progress></progress>
  <status>Success</status>
  <statusText></statusText>
  <lastSuccessEndTime>2025-06-09T00:05:32.2233237Z</lastSuccessEndTime>
  <receivedTime>2025-06-09T00:03:41.1412653Z</receivedTime>
  <startTime>2025-06-09T00:03:42.385257Z</startTime>
  <endTime>2025-06-09T00:05:32.2233237Z</endTime>
  <complete>True</complete>
  <is_temp>False</is_temp>
  <is_readonly>True</is_readonly>
  <buildSummary />
</deployment>