﻿<?xml version="1.0" encoding="utf-8"?>
<deployment>
  <id>5059e60b-a635-451f-958b-5b223ae529b8</id>
  <author>N/A</author>
  <deployer>GITHUB_ZIP_DEPLOY</deployer>
  <authorEmail>N/A</authorEmail>
  <message>{"type":"deployment","sha":"43bc940764ddb479213489e0a8bcea50e56d6d6e","repoName":"sbeuran/castoredc-technical-assignment","actor":"sbeuran","slotName":"production","commitMessage":"fix: update deployment configuration for Windows web app"}</message>
  <progress></progress>
  <status>Success</status>
  <statusText></statusText>
  <lastSuccessEndTime>2025-06-08T23:55:37.0562983Z</lastSuccessEndTime>
  <receivedTime>2025-06-08T23:53:44.9964536Z</receivedTime>
  <startTime>2025-06-08T23:53:46.2668041Z</startTime>
  <endTime>2025-06-08T23:55:37.0562983Z</endTime>
  <complete>True</complete>
  <is_temp>False</is_temp>
  <is_readonly>True</is_readonly>
  <buildSummary />
</deployment>