﻿<?xml version="1.0" encoding="utf-8"?>
<deployment>
  <id>98918a74-0fd8-4360-acfb-b7ba2d72b5c5</id>
  <author>N/A</author>
  <deployer>GITHUB_ZIP_DEPLOY</deployer>
  <authorEmail>N/A</authorEmail>
  <message>{"type":"deployment","sha":"6107a8127cca9f21a42c3902a1f26c9eabd2f38e","repoName":"sbeuran/castoredc-technical-assignment","actor":"sbeuran","slotName":"production","commitMessage":"fix: add working directory to gunicorn command"}</message>
  <progress></progress>
  <status>Success</status>
  <statusText></statusText>
  <lastSuccessEndTime>2025-06-09T08:13:04.4330009Z</lastSuccessEndTime>
  <receivedTime>2025-06-09T08:10:34.8826505Z</receivedTime>
  <startTime>2025-06-09T08:10:36.3054233Z</startTime>
  <endTime>2025-06-09T08:13:04.4330009Z</endTime>
  <complete>True</complete>
  <is_temp>False</is_temp>
  <is_readonly>True</is_readonly>
  <buildSummary />
</deployment>