﻿<?xml version="1.0" encoding="utf-8"?>
<deployment>
  <id>99e55107-0d87-4344-a012-108c5dc6928f</id>
  <author>N/A</author>
  <deployer>GITHUB_ZIP_DEPLOY</deployer>
  <authorEmail>N/A</authorEmail>
  <message>{"type":"deployment","sha":"8cd59d78f34cc508be32edabb62e17f042da2704","repoName":"sbeuran/castoredc-technical-assignment","actor":"sbeuran","slotName":"production","commitMessage":"fix: use startup script for Linux container"}</message>
  <progress></progress>
  <status>Success</status>
  <statusText></statusText>
  <lastSuccessEndTime>2025-06-09T09:16:27.0363601Z</lastSuccessEndTime>
  <receivedTime>2025-06-09T09:16:24.3377138Z</receivedTime>
  <startTime>2025-06-09T09:16:25.6158205Z</startTime>
  <endTime>2025-06-09T09:16:27.0363601Z</endTime>
  <complete>True</complete>
  <is_temp>False</is_temp>
  <is_readonly>True</is_readonly>
  <buildSummary />
</deployment>