<step title="Incoming Request" date="2025-06-08T23:43:33.083" instance="dc7a13" url="/api/deployments/latest?deployer=GITHUB_ZIP_DEPLOY&amp;time=2025-06-08_23-41-33Z" method="GET" type="request" pid="769,1,16" Host="fruits-api-app.scm.azurewebsites.net" User-Agent="GITHUBACTIONS_DeployWebAppToAzure_7c029dfbf870a064ce012f6b308985b52fe40d3c984a00ece1c501bd9048455a" Authorization="Bas..." Content-Type="application/json; charset=utf-8" Cookie="ARRAffinity=dc7a138dfcb63bce17254cc4321cf14c9178fc6ae4c339b927686049d314ddf6;Path=/;HttpOnly;Secure;Domain=fruits-api-app.scm.azurewebsites.net; ARRAffinitySameSite=dc7a138dfcb63bce17254cc4321cf14c9178fc6ae4c339b927686049d314ddf6;Path=/;HttpOnly;SameSite=None;Secure;Domain=fruits-api-app.scm.azurewebsites.net" Content-Length="0" X-ARR-LOG-ID="f94cd75c-2a2f-48d3-927f-013ea2e1a813" CLIENT-IP="40.84.21.253:1986" X-SITE-DEPLOYMENT-ID="fruits-api-app" WAS-DEFAULT-HOSTNAME="fruits-api-app.scm.azurewebsites.net" X-Forwarded-Proto="https" X-AppService-Proto="https" X-Forwarded-TlsVersion="1.3" X-WAWS-Unencoded-URL="/api/deployments/latest?deployer=GITHUB_ZIP_DEPLOY&amp;time=2025-06-08_23-41-33Z" X-Client-IP="40.84.21.253" X-Client-Port="1986" >
  <step title="Cleanup Xml Logs" date="2025-06-08T23:43:33.093" >
    <step title="Cleanup Infos" date="2025-06-08T23:43:33.120" totalFiles="231" totalCleanup="71" /><!-- duration: 2ms -->
  </step><!-- duration: 38ms -->
  <step title="DeploymentService.GetResult" date="2025-06-08T23:43:33.173" >
    <step title="DeploymentService.GetLatestDeployment" date="2025-06-08T23:43:33.184" >
      <step title="DeploymentManager.GetResults" date="2025-06-08T23:43:33.222" /><!-- duration: 472ms -->
      <step title="Deployment 3592492d-9f19-443f-abe7-c5a2d269dea3 is Building" date="2025-06-08T23:43:33.705" /><!-- duration: 2ms -->
    </step><!-- duration: 543ms -->
  </step><!-- duration: 562ms -->
  <step title="Outgoing response" date="2025-06-08T23:43:33.754" type="response" statusCode="202" statusText="Accepted" /><!-- duration: 2ms -->
</step><!-- duration: 712ms -->
