<step title="Incoming Request" date="2025-06-08T23:20:28.610" instance="dc7a13" url="/api/deployments/latest?deployer=GITHUB_ZIP_DEPLOY&amp;time=2025-06-08_23-20-22Z" method="GET" type="request" pid="769,1,28" Host="fruits-api-app.scm.azurewebsites.net" User-Agent="GITHUBACTIONS_DeployWebAppToAzure_7c029dfbf870a064ce012f6b308985b52fe40d3c984a00ece1c501bd9048455a" Authorization="Bas..." Content-Type="application/json; charset=utf-8" Cookie="ARRAffinity=dc7a138dfcb63bce17254cc4321cf14c9178fc6ae4c339b927686049d314ddf6;Path=/;HttpOnly;Secure;Domain=fruits-api-app.scm.azurewebsites.net; ARRAffinitySameSite=dc7a138dfcb63bce17254cc4321cf14c9178fc6ae4c339b927686049d314ddf6;Path=/;HttpOnly;SameSite=None;Secure;Domain=fruits-api-app.scm.azurewebsites.net" Content-Length="0" X-ARR-LOG-ID="930df946-1a36-4d64-a0a8-74d2bdfe6c0c" CLIENT-IP="40.84.60.15:1985" X-SITE-DEPLOYMENT-ID="fruits-api-app" WAS-DEFAULT-HOSTNAME="fruits-api-app.scm.azurewebsites.net" X-Forwarded-Proto="https" X-AppService-Proto="https" X-Forwarded-TlsVersion="1.3" X-WAWS-Unencoded-URL="/api/deployments/latest?deployer=GITHUB_ZIP_DEPLOY&amp;time=2025-06-08_23-20-22Z" X-Client-IP="40.84.60.15" X-Client-Port="1985" >
  <step title="Cleanup Xml Logs" date="2025-06-08T23:20:28.618" /><!-- duration: 21ms -->
  <step title="DeploymentService.GetResult" date="2025-06-08T23:20:28.659" >
    <step title="DeploymentService.GetLatestDeployment" date="2025-06-08T23:20:28.678" >
      <step title="DeploymentManager.GetResults" date="2025-06-08T23:20:28.680" /><!-- duration: 481ms -->
      <step title="Deployment temp-8b447a1e is Pending" date="2025-06-08T23:20:29.169" /><!-- duration: 2ms -->
    </step><!-- duration: 501ms -->
  </step><!-- duration: 522ms -->
  <step title="Outgoing response" date="2025-06-08T23:20:29.201" type="response" statusCode="202" statusText="Accepted" /><!-- duration: 19ms -->
</step><!-- duration: 612ms -->
