<step title="Incoming Request" date="2025-06-08T22:57:40.778" instance="dc7a13" url="/api/zipdeploy?isAsync=true&amp;deployer=GITHUB_ZIP_DEPLOY&amp;message=%7B%22type%22%3A%22deployment%22%2C%22sha%22%3A%22a627ff6721ef6892afed0b868901a17b2a4a4237%22%2C%22repoName%22%3A%22sbeuran%2Fcastoredc-technical-assignment%22%2C%22actor%22%3A%22sbeuran%22%2C%22slotName%22%3A%22production%22%2C%22commitMessage%22%3A%22Fix%20deployment%20configuration%20and%20file%20structure%22%7D" method="POST" type="request" pid="769,1,30" Host="fruits-api-app.scm.azurewebsites.net" User-Agent="GITHUBACTIONS_DeployWebAppToAzure_7c029dfbf870a064ce012f6b308985b52fe40d3c984a00ece1c501bd9048455a" Authorization="Bas..." Content-Type="application/octet-stream" Cookie="ARRAffinity=dc7a138dfcb63bce17254cc4321cf14c9178fc6ae4c339b927686049d314ddf6;Path=/;HttpOnly;Secure;Domain=fruits-api-app.scm.azurewebsites.net; ARRAffinitySameSite=dc7a138dfcb63bce17254cc4321cf14c9178fc6ae4c339b927686049d314ddf6;Path=/;HttpOnly;SameSite=None;Secure;Domain=fruits-api-app.scm.azurewebsites.net" Transfer-Encoding="chunked" X-ARR-LOG-ID="3440b361-9aa1-498b-87a6-69e0529b470e" CLIENT-IP="135.224.6.1:1984" X-SITE-DEPLOYMENT-ID="fruits-api-app" WAS-DEFAULT-HOSTNAME="fruits-api-app.scm.azurewebsites.net" X-Forwarded-Proto="https" X-AppService-Proto="https" X-Forwarded-TlsVersion="1.3" X-WAWS-Unencoded-URL="/api/zipdeploy?isAsync=true&amp;deployer=GITHUB_ZIP_DEPLOY&amp;message=%7B%22type%22%3A%22deployment%22%2C%22sha%22%3A%22a627ff6721ef6892afed0b868901a17b2a4a4237%22%2C%22repoName%22%3A%22sbeuran%2Fcastoredc-technical-assignment%22%2C%22actor%22%3A%22sbeuran%22%2C%22slotName%22%3A%22production%22%2C%22commitMessage%22%3A%22Fix%20deployment%20configuration%20and%20file%20structure%22%7D" X-Client-IP="135.224.6.1" X-Client-Port="1984" >
  <step title="ZipPushDeploy" date="2025-06-08T22:57:40.885" >
    <step title="ZipDeploy. Extract zip. Remote build." date="2025-06-08T22:57:40.897" /><!-- duration: 5ms -->
    <step title="None repository commit" date="2025-06-08T22:57:40.913" >
      <step title="Commit id: 253b9ce8-6086-48c6-8d57-ec537d9568d9" date="2025-06-08T22:57:40.915" Message="N/A" AuthorName="N/A" AuthorEmail="N/A" /><!-- duration: 2ms -->
    </step><!-- duration: 6ms -->
    <step title="Starting PushDeployAsync" date="2025-06-08T22:57:40.923" /><!-- duration: 1ms -->
    <step title="Writing artifact to /tmp/zipdeploy/7f6d734b-e212-4db9-b539-935807607775.zip" date="2025-06-08T22:57:40.937" >
      <step title="Writing multipart request body to /tmp/zipdeploy/7f6d734b-e212-4db9-b539-935807607775.zip" date="2025-06-08T22:57:40.945" /><!-- duration: 1ms -->
    </step><!-- duration: 725ms -->
    <step title="Start deployment in the background" date="2025-06-08T22:57:41.683" >
      <step title="Acquiring Deployment Lock" date="2025-06-08T22:57:41.723" /><!-- duration: 2ms -->
      <step title="Acquired Deployment Lock" date="2025-06-08T22:57:41.751" /><!-- duration: 1ms -->
    </step><!-- duration: 129ms -->
  </step><!-- duration: 933ms -->
  <step title="Outgoing response" date="2025-06-08T22:57:41.833" type="response" statusCode="202" statusText="Accepted" /><!-- duration: 2ms -->
</step><!-- duration: 1058ms -->
