<step title="Incoming Request" date="2025-06-08T23:00:41.629" instance="dc7a13" url="/api/zipdeploy?isAsync=true&amp;deployer=GITHUB_ZIP_DEPLOY&amp;message=%7B%22type%22%3A%22deployment%22%2C%22sha%22%3A%22c94446e96495223b7d0b1b527da297caf533d2be%22%2C%22repoName%22%3A%22sbeuran%2Fcastoredc-technical-assignment%22%2C%22actor%22%3A%22sbeuran%22%2C%22slotName%22%3A%22production%22%2C%22commitMessage%22%3A%22refactor%3A%20improve%20deployment%20workflow%20and%20configuration%22%7D" method="POST" type="request" pid="769,1,30" Host="fruits-api-app.scm.azurewebsites.net" User-Agent="GITHUBACTIONS_DeployWebAppToAzure_7c029dfbf870a064ce012f6b308985b52fe40d3c984a00ece1c501bd9048455a" Authorization="Bas..." Content-Type="application/octet-stream" Cookie="ARRAffinity=dc7a138dfcb63bce17254cc4321cf14c9178fc6ae4c339b927686049d314ddf6;Path=/;HttpOnly;Secure;Domain=fruits-api-app.scm.azurewebsites.net; ARRAffinitySameSite=dc7a138dfcb63bce17254cc4321cf14c9178fc6ae4c339b927686049d314ddf6;Path=/;HttpOnly;SameSite=None;Secure;Domain=fruits-api-app.scm.azurewebsites.net" Transfer-Encoding="chunked" X-ARR-LOG-ID="4d483d51-e3b3-4f99-8365-eb8c537e7088" CLIENT-IP="13.91.128.138:1984" X-SITE-DEPLOYMENT-ID="fruits-api-app" WAS-DEFAULT-HOSTNAME="fruits-api-app.scm.azurewebsites.net" X-Forwarded-Proto="https" X-AppService-Proto="https" X-Forwarded-TlsVersion="1.3" X-WAWS-Unencoded-URL="/api/zipdeploy?isAsync=true&amp;deployer=GITHUB_ZIP_DEPLOY&amp;message=%7B%22type%22%3A%22deployment%22%2C%22sha%22%3A%22c94446e96495223b7d0b1b527da297caf533d2be%22%2C%22repoName%22%3A%22sbeuran%2Fcastoredc-technical-assignment%22%2C%22actor%22%3A%22sbeuran%22%2C%22slotName%22%3A%22production%22%2C%22commitMessage%22%3A%22refactor%3A%20improve%20deployment%20workflow%20and%20configuration%22%7D" X-Client-IP="13.91.128.138" X-Client-Port="1984" >
  <step title="ZipPushDeploy" date="2025-06-08T23:00:41.679" >
    <step title="ZipDeploy. Extract zip. Remote build." date="2025-06-08T23:00:41.688" /><!-- duration: 1ms -->
    <step title="Starting PushDeployAsync" date="2025-06-08T23:00:41.692" /><!-- duration: 7ms -->
    <step title="Writing artifact to /tmp/zipdeploy/3268dd76-01da-40c7-aace-b3c731f792f6.zip" date="2025-06-08T23:00:41.710" >
      <step title="Writing multipart request body to /tmp/zipdeploy/3268dd76-01da-40c7-aace-b3c731f792f6.zip" date="2025-06-08T23:00:41.711" /><!-- duration: 2ms -->
    </step><!-- duration: 31ms -->
    <step title="Start deployment in the background" date="2025-06-08T23:00:41.761" >
      <step title="Acquiring Deployment Lock" date="2025-06-08T23:00:41.772" /><!-- duration: 2ms -->
      <step title="Acquired Deployment Lock" date="2025-06-08T23:00:41.806" /><!-- duration: 2ms -->
    </step><!-- duration: 128ms -->
  </step><!-- duration: 212ms -->
  <step title="Outgoing response" date="2025-06-08T23:00:41.893" type="response" statusCode="202" statusText="Accepted" /><!-- duration: 1ms -->
</step><!-- duration: 267ms -->
