<step title="Incoming Request" date="2025-06-09T08:32:56.841" instance="dc7a13" url="/api/deployments/latest?deployer=GITHUB_ZIP_DEPLOY&amp;time=2025-06-09_08-31-25Z" method="GET" type="request" pid="769,1,59" Host="fruits-api-app.scm.azurewebsites.net" User-Agent="GITHUBACTIONS_DeployWebAppToAzure_7c029dfbf870a064ce012f6b308985b52fe40d3c984a00ece1c501bd9048455a" Authorization="Bas..." Content-Type="application/json; charset=utf-8" Cookie="ARRAffinity=dc7a138dfcb63bce17254cc4321cf14c9178fc6ae4c339b927686049d314ddf6;Path=/;HttpOnly;Secure;Domain=fruits-api-app.scm.azurewebsites.net; ARRAffinitySameSite=dc7a138dfcb63bce17254cc4321cf14c9178fc6ae4c339b927686049d314ddf6;Path=/;HttpOnly;SameSite=None;Secure;Domain=fruits-api-app.scm.azurewebsites.net" Content-Length="0" X-ARR-LOG-ID="42a3b18e-a77d-45c2-9eef-b7fabeeae3fa" CLIENT-IP="104.42.29.251:1984" X-SITE-DEPLOYMENT-ID="fruits-api-app" WAS-DEFAULT-HOSTNAME="fruits-api-app.scm.azurewebsites.net" X-Forwarded-Proto="https" X-AppService-Proto="https" X-Forwarded-TlsVersion="1.3" X-WAWS-Unencoded-URL="/api/deployments/latest?deployer=GITHUB_ZIP_DEPLOY&amp;time=2025-06-09_08-31-25Z" X-Client-IP="104.42.29.251" X-Client-Port="1984" >
  <step title="Cleanup Xml Logs" date="2025-06-09T08:32:56.849" >
    <step title="Cleanup Infos" date="2025-06-09T08:32:56.870" totalFiles="453" totalCleanup="293" /><!-- duration: 9ms -->
  </step><!-- duration: 32ms -->
  <step title="DeploymentService.GetResult" date="2025-06-09T08:32:56.891" >
    <step title="DeploymentService.GetLatestDeployment" date="2025-06-09T08:32:56.899" >
      <step title="DeploymentManager.GetResults" date="2025-06-09T08:32:56.919" /><!-- duration: 573ms -->
      <step title="Deployment 394e3c45-840d-42ce-acd6-4235f638c26c is Building" date="2025-06-09T08:32:57.504" /><!-- duration: 9ms -->
    </step><!-- duration: 615ms -->
  </step><!-- duration: 632ms -->
  <step title="Outgoing response" date="2025-06-09T08:32:57.533" type="response" statusCode="202" statusText="Accepted" /><!-- duration: 10ms -->
</step><!-- duration: 704ms -->
