<step title="Incoming Request" date="2025-06-09T08:22:13.270" instance="dc7a13" url="/api/deployments/latest?deployer=GITHUB_ZIP_DEPLOY&amp;time=2025-06-09_08-21-18Z" method="GET" type="request" pid="769,1,57" Host="fruits-api-app.scm.azurewebsites.net" User-Agent="GITHUBACTIONS_DeployWebAppToAzure_7c029dfbf870a064ce012f6b308985b52fe40d3c984a00ece1c501bd9048455a" Authorization="Bas..." Content-Type="application/json; charset=utf-8" Cookie="ARRAffinity=dc7a138dfcb63bce17254cc4321cf14c9178fc6ae4c339b927686049d314ddf6;Path=/;HttpOnly;Secure;Domain=fruits-api-app.scm.azurewebsites.net; ARRAffinitySameSite=dc7a138dfcb63bce17254cc4321cf14c9178fc6ae4c339b927686049d314ddf6;Path=/;HttpOnly;SameSite=None;Secure;Domain=fruits-api-app.scm.azurewebsites.net" Content-Length="0" X-ARR-LOG-ID="7b31a39a-f7bc-4059-9d9f-e280e34eef19" CLIENT-IP="20.161.15.97:1984" X-SITE-DEPLOYMENT-ID="fruits-api-app" WAS-DEFAULT-HOSTNAME="fruits-api-app.scm.azurewebsites.net" X-Forwarded-Proto="https" X-AppService-Proto="https" X-Forwarded-TlsVersion="1.3" X-WAWS-Unencoded-URL="/api/deployments/latest?deployer=GITHUB_ZIP_DEPLOY&amp;time=2025-06-09_08-21-18Z" X-Client-IP="20.161.15.97" X-Client-Port="1984" >
  <step title="Cleanup Xml Logs" date="2025-06-09T08:22:13.280" >
    <step title="Cleanup Infos" date="2025-06-09T08:22:13.310" totalFiles="422" totalCleanup="262" /><!-- duration: 9ms -->
  </step><!-- duration: 42ms -->
  <step title="DeploymentService.GetResult" date="2025-06-09T08:22:13.340" >
    <step title="DeploymentService.GetLatestDeployment" date="2025-06-09T08:22:13.342" >
      <step title="DeploymentManager.GetResults" date="2025-06-09T08:22:13.351" /><!-- duration: 1417ms -->
      <step title="Deployment eb233f23-d948-4882-aee7-75d3e111585e is Building" date="2025-06-09T08:22:14.788" /><!-- duration: 9ms -->
    </step><!-- duration: 1467ms -->
  </step><!-- duration: 1529ms -->
  <step title="Outgoing response" date="2025-06-09T08:22:14.989" type="response" statusCode="202" statusText="Accepted" /><!-- duration: 9ms -->
</step><!-- duration: 1730ms -->
