<step title="Incoming Request" date="2025-06-08T23:04:40.496" instance="dc7a13" url="/api/zipdeploy?isAsync=true&amp;deployer=GITHUB_ZIP_DEPLOY&amp;message=%7B%22type%22%3A%22deployment%22%2C%22sha%22%3A%22ee1c429fe210a6348466d68ebbde82c9dc81b1fe%22%2C%22repoName%22%3A%22sbeuran%2Fcastoredc-technical-assignment%22%2C%22actor%22%3A%22sbeuran%22%2C%22slotName%22%3A%22production%22%2C%22commitMessage%22%3A%22fix%3A%20disable%20data%20initialization%20during%20tests%22%7D" method="POST" type="request" pid="769,1,3" Host="fruits-api-app.scm.azurewebsites.net" User-Agent="GITHUBACTIONS_DeployWebAppToAzure_7c029dfbf870a064ce012f6b308985b52fe40d3c984a00ece1c501bd9048455a" Authorization="Bas..." Content-Type="application/octet-stream" Cookie="ARRAffinity=dc7a138dfcb63bce17254cc4321cf14c9178fc6ae4c339b927686049d314ddf6;Path=/;HttpOnly;Secure;Domain=fruits-api-app.scm.azurewebsites.net; ARRAffinitySameSite=dc7a138dfcb63bce17254cc4321cf14c9178fc6ae4c339b927686049d314ddf6;Path=/;HttpOnly;SameSite=None;Secure;Domain=fruits-api-app.scm.azurewebsites.net" Transfer-Encoding="chunked" X-ARR-LOG-ID="0a28a366-7715-41cb-b1d1-78803781d0be" CLIENT-IP="52.149.159.37:38208" X-SITE-DEPLOYMENT-ID="fruits-api-app" WAS-DEFAULT-HOSTNAME="fruits-api-app.scm.azurewebsites.net" X-Forwarded-Proto="https" X-AppService-Proto="https" X-Forwarded-TlsVersion="1.3" X-WAWS-Unencoded-URL="/api/zipdeploy?isAsync=true&amp;deployer=GITHUB_ZIP_DEPLOY&amp;message=%7B%22type%22%3A%22deployment%22%2C%22sha%22%3A%22ee1c429fe210a6348466d68ebbde82c9dc81b1fe%22%2C%22repoName%22%3A%22sbeuran%2Fcastoredc-technical-assignment%22%2C%22actor%22%3A%22sbeuran%22%2C%22slotName%22%3A%22production%22%2C%22commitMessage%22%3A%22fix%3A%20disable%20data%20initialization%20during%20tests%22%7D" X-Client-IP="52.149.159.37" X-Client-Port="38208" >
  <step title="ZipPushDeploy" date="2025-06-08T23:04:40.536" >
    <step title="ZipDeploy. Extract zip. Remote build." date="2025-06-08T23:04:40.547" /><!-- duration: 8ms -->
    <step title="Starting PushDeployAsync" date="2025-06-08T23:04:40.557" /><!-- duration: 1ms -->
    <step title="Writing artifact to /tmp/zipdeploy/3374c2c2-f6d0-4b1f-876d-15c94e358017.zip" date="2025-06-08T23:04:40.570" >
      <step title="Writing multipart request body to /tmp/zipdeploy/3374c2c2-f6d0-4b1f-876d-15c94e358017.zip" date="2025-06-08T23:04:40.575" /><!-- duration: 1ms -->
    </step><!-- duration: 39ms -->
    <step title="Start deployment in the background" date="2025-06-08T23:04:40.628" >
      <step title="Acquiring Deployment Lock" date="2025-06-08T23:04:40.638" /><!-- duration: 8ms -->
      <step title="Acquired Deployment Lock" date="2025-06-08T23:04:40.664" /><!-- duration: 2ms -->
    </step><!-- duration: 75ms -->
  </step><!-- duration: 170ms -->
  <step title="Outgoing response" date="2025-06-08T23:04:40.711" type="response" statusCode="202" statusText="Accepted" /><!-- duration: 1ms -->
</step><!-- duration: 224ms -->
