<step title="Incoming Request" date="2025-06-08T23:59:13.431" instance="dc7a13" url="/api/deployments/latest?deployer=GITHUB_ZIP_DEPLOY&amp;time=2025-06-08_23-57-43Z" method="GET" type="request" pid="769,1,7" Host="fruits-api-app.scm.azurewebsites.net" User-Agent="GITHUBACTIONS_DeployWebAppToAzure_7c029dfbf870a064ce012f6b308985b52fe40d3c984a00ece1c501bd9048455a" Authorization="Bas..." Content-Type="application/json; charset=utf-8" Cookie="ARRAffinity=dc7a138dfcb63bce17254cc4321cf14c9178fc6ae4c339b927686049d314ddf6;Path=/;HttpOnly;Secure;Domain=fruits-api-app.scm.azurewebsites.net; ARRAffinitySameSite=dc7a138dfcb63bce17254cc4321cf14c9178fc6ae4c339b927686049d314ddf6;Path=/;HttpOnly;SameSite=None;Secure;Domain=fruits-api-app.scm.azurewebsites.net" Content-Length="0" X-ARR-LOG-ID="f55b23e8-b82f-425e-9664-61b495834a7e" CLIENT-IP="23.96.230.123:1984" X-SITE-DEPLOYMENT-ID="fruits-api-app" WAS-DEFAULT-HOSTNAME="fruits-api-app.scm.azurewebsites.net" X-Forwarded-Proto="https" X-AppService-Proto="https" X-Forwarded-TlsVersion="1.3" X-WAWS-Unencoded-URL="/api/deployments/latest?deployer=GITHUB_ZIP_DEPLOY&amp;time=2025-06-08_23-57-43Z" X-Client-IP="23.96.230.123" X-Client-Port="1984" >
  <step title="Cleanup Xml Logs" date="2025-06-08T23:59:13.450" >
    <step title="Cleanup Infos" date="2025-06-08T23:59:13.482" totalFiles="318" totalCleanup="158" /><!-- duration: 17ms -->
  </step><!-- duration: 51ms -->
  <step title="DeploymentService.GetResult" date="2025-06-08T23:59:13.520" >
    <step title="DeploymentService.GetLatestDeployment" date="2025-06-08T23:59:13.529" >
      <step title="DeploymentManager.GetResults" date="2025-06-08T23:59:13.531" /><!-- duration: 612ms -->
      <step title="Deployment f8e2895f-2cf9-4373-a077-2f3e52a65aed is Building" date="2025-06-08T23:59:14.153" /><!-- duration: 9ms -->
    </step><!-- duration: 636ms -->
  </step><!-- duration: 654ms -->
  <step title="Outgoing response" date="2025-06-08T23:59:14.223" type="response" statusCode="202" statusText="Accepted" /><!-- duration: 2ms -->
</step><!-- duration: 834ms -->
