<step title="Incoming Request" date="2025-06-09T08:02:02.818" instance="dc7a13" url="/api/deployments/latest?deployer=GITHUB_ZIP_DEPLOY&amp;time=2025-06-09_08-01-03Z" method="GET" type="request" pid="769,1,60" Host="fruits-api-app.scm.azurewebsites.net" User-Agent="GITHUBACTIONS_DeployWebAppToAzure_7c029dfbf870a064ce012f6b308985b52fe40d3c984a00ece1c501bd9048455a" Authorization="Bas..." Content-Type="application/json; charset=utf-8" Cookie="ARRAffinity=dc7a138dfcb63bce17254cc4321cf14c9178fc6ae4c339b927686049d314ddf6;Path=/;HttpOnly;Secure;Domain=fruits-api-app.scm.azurewebsites.net; ARRAffinitySameSite=dc7a138dfcb63bce17254cc4321cf14c9178fc6ae4c339b927686049d314ddf6;Path=/;HttpOnly;SameSite=None;Secure;Domain=fruits-api-app.scm.azurewebsites.net" Content-Length="0" X-ARR-LOG-ID="eeb7c321-182e-4788-bc4a-9ea13a9ef3a5" CLIENT-IP="13.67.176.49:1985" X-SITE-DEPLOYMENT-ID="fruits-api-app" WAS-DEFAULT-HOSTNAME="fruits-api-app.scm.azurewebsites.net" X-Forwarded-Proto="https" X-AppService-Proto="https" X-Forwarded-TlsVersion="1.3" X-WAWS-Unencoded-URL="/api/deployments/latest?deployer=GITHUB_ZIP_DEPLOY&amp;time=2025-06-09_08-01-03Z" X-Client-IP="13.67.176.49" X-Client-Port="1985" >
  <step title="Cleanup Xml Logs" date="2025-06-09T08:02:02.820" >
    <step title="Cleanup Infos" date="2025-06-09T08:02:02.881" totalFiles="365" totalCleanup="205" /><!-- duration: 20ms -->
  </step><!-- duration: 90ms -->
  <step title="DeploymentService.GetResult" date="2025-06-09T08:02:02.991" >
    <step title="DeploymentService.GetLatestDeployment" date="2025-06-09T08:02:03.000" >
      <step title="DeploymentManager.GetResults" date="2025-06-09T08:02:03.020" /><!-- duration: 1116ms -->
      <step title="Deployment b72ef0c2-8761-497f-aa52-ea993926f1e4 is Building" date="2025-06-09T08:02:04.185" /><!-- duration: 2ms -->
    </step><!-- duration: 1195ms -->
  </step><!-- duration: 1206ms -->
  <step title="Outgoing response" date="2025-06-09T08:02:04.208" type="response" statusCode="202" statusText="Accepted" /><!-- duration: 38ms -->
</step><!-- duration: 1430ms -->
