<step title="Incoming Request" date="2025-06-08T22:59:35.053" instance="dc7a13" url="/api/zipdeploy?isAsync=true&amp;deployer=GITHUB_ZIP_DEPLOY&amp;message=%7B%22type%22%3A%22deployment%22%2C%22sha%22%3A%22681c12d324bc260e5a43d5b460e0f2d46ad7a117%22%2C%22repoName%22%3A%22sbeuran%2Fcastoredc-technical-assignment%22%2C%22actor%22%3A%22sbeuran%22%2C%22slotName%22%3A%22production%22%2C%22commitMessage%22%3A%22refactor%3A%20improve%20deployment%20workflow%20and%20configuration%22%7D" method="POST" type="request" pid="769,1,35" Host="fruits-api-app.scm.azurewebsites.net" User-Agent="GITHUBACTIONS_DeployWebAppToAzure_7c029dfbf870a064ce012f6b308985b52fe40d3c984a00ece1c501bd9048455a" Authorization="Bas..." Content-Type="application/octet-stream" Cookie="ARRAffinity=dc7a138dfcb63bce17254cc4321cf14c9178fc6ae4c339b927686049d314ddf6;Path=/;HttpOnly;Secure;Domain=fruits-api-app.scm.azurewebsites.net; ARRAffinitySameSite=dc7a138dfcb63bce17254cc4321cf14c9178fc6ae4c339b927686049d314ddf6;Path=/;HttpOnly;SameSite=None;Secure;Domain=fruits-api-app.scm.azurewebsites.net" Transfer-Encoding="chunked" X-ARR-LOG-ID="87986669-486d-4dd6-bdcc-557a8f72dc44" CLIENT-IP="9.169.156.121:1984" X-SITE-DEPLOYMENT-ID="fruits-api-app" WAS-DEFAULT-HOSTNAME="fruits-api-app.scm.azurewebsites.net" X-Forwarded-Proto="https" X-AppService-Proto="https" X-Forwarded-TlsVersion="1.3" X-WAWS-Unencoded-URL="/api/zipdeploy?isAsync=true&amp;deployer=GITHUB_ZIP_DEPLOY&amp;message=%7B%22type%22%3A%22deployment%22%2C%22sha%22%3A%22681c12d324bc260e5a43d5b460e0f2d46ad7a117%22%2C%22repoName%22%3A%22sbeuran%2Fcastoredc-technical-assignment%22%2C%22actor%22%3A%22sbeuran%22%2C%22slotName%22%3A%22production%22%2C%22commitMessage%22%3A%22refactor%3A%20improve%20deployment%20workflow%20and%20configuration%22%7D" X-Client-IP="9.169.156.121" X-Client-Port="1984" >
  <step title="ZipPushDeploy" date="2025-06-08T22:59:35.062" >
    <step title="ZipDeploy. Extract zip. Remote build." date="2025-06-08T22:59:35.067" /><!-- duration: 1ms -->
    <step title="Starting PushDeployAsync" date="2025-06-08T22:59:35.072" /><!-- duration: 1ms -->
    <step title="Writing artifact to /tmp/zipdeploy/14c752df-a168-4a49-a40f-8fe582db938d.zip" date="2025-06-08T22:59:35.088" >
      <step title="Writing multipart request body to /tmp/zipdeploy/14c752df-a168-4a49-a40f-8fe582db938d.zip" date="2025-06-08T22:59:35.091" /><!-- duration: 9ms -->
    </step><!-- duration: 31ms -->
    <step title="Start deployment in the background" date="2025-06-08T22:59:35.130" >
      <step title="Acquiring Deployment Lock" date="2025-06-08T22:59:35.142" /><!-- duration: 2ms -->
      <step title="Acquired Deployment Lock" date="2025-06-08T22:59:35.165" /><!-- duration: 2ms -->
    </step><!-- duration: 93ms -->
  </step><!-- duration: 163ms -->
  <step title="Outgoing response" date="2025-06-08T22:59:35.227" type="response" statusCode="202" statusText="Accepted" /><!-- duration: 1ms -->
</step><!-- duration: 177ms -->
