<step title="Incoming Request" date="2025-06-08T16:10:37.439" instance="dc7a13" url="/api/zipdeploy?isAsync=true" method="POST" type="request" pid="770,1,27" Accept="*/*" Host="fruits-api-app.scm.azurewebsites.net" User-Agent="AZURECLI/2.74.0 (HOMEBREW)" Accept-Encoding="gzip, deflate" Authorization="Bas..." Cache-Control="no-cache" Content-Type="application/octet-stream" Cookie="ARRAffinity=dc7a138dfcb63bce17254cc4321cf14c9178fc6ae4c339b927686049d314ddf6; ARRAffinitySameSite=dc7a138dfcb63bce17254cc4321cf14c9178fc6ae4c339b927686049d314ddf6" Content-Length="57124123" x-ms-client-request-id="114313a2-4483-11f0-a984-aa534ee4a209" x-ms-artifact-checksum="28e51f5a7cefb05c7b154d23565f247b9f81fbbf13374e1cf01257ab826487d7" X-ARR-LOG-ID="114313a2-4483-11f0-a984-aa534ee4a209" CLIENT-IP="89.115.70.77:49732" X-SITE-DEPLOYMENT-ID="fruits-api-app" WAS-DEFAULT-HOSTNAME="fruits-api-app.scm.azurewebsites.net" X-Forwarded-Proto="https" X-AppService-Proto="https" X-Forwarded-TlsVersion="1.3" X-WAWS-Unencoded-URL="/api/zipdeploy?isAsync=true" X-Client-IP="89.115.70.77" X-Client-Port="49732" >
  <step title="ZipPushDeploy" date="2025-06-08T16:10:37.720" >
    <step title="ZipDeploy. Extract zip. Remote build." date="2025-06-08T16:10:37.881" /><!-- duration: 61ms -->
    <step title="Starting PushDeployAsync" date="2025-06-08T16:10:38.122" /><!-- duration: 111ms -->
    <step title="Writing artifact to /tmp/zipdeploy/d81ad8d8-2da6-4f99-a0e1-796f03e9f80c.zip" date="2025-06-08T16:10:38.372" >
      <step title="Writing multipart request body to /tmp/zipdeploy/d81ad8d8-2da6-4f99-a0e1-796f03e9f80c.zip" date="2025-06-08T16:10:38.375" /><!-- duration: 9ms -->
    </step><!-- duration: 7917ms -->
    <step title="Removing previous build artifact&apos;s manifest file" date="2025-06-08T16:10:46.322" >
      <step title="Start deployment in the background" date="2025-06-08T16:10:46.402" >
        <step title="Acquiring Deployment Lock" date="2025-06-08T16:10:46.521" /><!-- duration: 2ms -->
        <step title="Acquired Deployment Lock" date="2025-06-08T16:10:46.651" /><!-- duration: 2ms -->
      </step><!-- duration: 510ms -->
    </step><!-- duration: 629ms -->
    <step title="Outgoing response" date="2025-06-08T16:10:46.954" type="response" statusCode="202" statusText="Accepted" /><!-- duration: 20ms -->
  </step><!-- duration: 9275ms -->
