<step title="BackgroundTrace" date="2025-06-09T09:07:01.955" instance="dc7a13" url="/api/zipdeploy" method="POST" >
  <step title="Cleanup Xml Logs" date="2025-06-09T09:07:01.957" >
    <step title="Cleanup Infos" date="2025-06-09T09:07:02.026" totalFiles="471" totalCleanup="311" /><!-- duration: 31ms -->
  </step><!-- duration: 110ms -->
  <step title="Creating temporary deployment - FetchDeploymentManager" date="2025-06-09T09:07:02.619" /><!-- duration: 10ms -->
  <step title="Creating temporary deployment" date="2025-06-09T09:07:02.698" /><!-- duration: 182ms -->
  <step title="Performing fetch based deployment" date="2025-06-09T09:07:03.452" >
    <step title="Deployment timer started" date="2025-06-09T09:07:07.555" >
      <step title="DeploymentManager.Deploy(id:855430a9-98c7-4aef-bdcc-f3ecffc629b7)" date="2025-06-09T09:07:07.568" >
        <step title="Collecting changeset information" date="2025-06-09T09:07:07.599" /><!-- duration: 109ms -->
        <step title="Updating submodules" date="2025-06-09T09:07:07.710" /><!-- duration: 1131ms -->
        <step title="Determining deployment builder" date="2025-06-09T09:07:09.155" >
          <step title="Builder is RunFromZipSiteBuilder" date="2025-06-09T09:07:09.166" /><!-- duration: 18ms -->
        </step><!-- duration: 49ms -->
        <step title="PreDeployment: context.CleanOutputPath False" date="2025-06-09T09:07:09.248" >
          <step title="PreDeployment: context.OutputPath /home/site/wwwroot" date="2025-06-09T09:07:09.547" >
            <step title="Building" date="2025-06-09T09:07:09.738" >
              <step title="Triggering recycle (preview mode disabled)." date="2025-06-09T09:07:10.340" /><!-- duration: 31ms -->
              <step title="Modified file to trigger a restart of the app container." date="2025-06-09T09:07:10.423" /><!-- duration: 9ms -->
              <step title="Skip function trigger and logicapp sync because function is not enabled." date="2025-06-09T09:07:10.472" /><!-- duration: 50ms -->
              <step title="Purge deployment items" date="2025-06-09T09:07:12.082" >
                <step title="Remove a2a013ff-, Success, received at 06/08/2025 23:38:05" date="2025-06-09T09:07:12.118" /><!-- duration: 2ms -->
              </step><!-- duration: 40ms -->
            </step><!-- duration: 2430ms -->
          </step><!-- duration: 2624ms -->
          <step title="Cleaning up temp files" date="2025-06-09T09:07:12.172" /><!-- duration: 2ms -->
          <step title="Cleaning up temp files" date="2025-06-09T09:07:12.177" /><!-- duration: 544ms -->
          <step title="Reloading status file with latest updates" date="2025-06-09T09:07:13.356" >
            <step title="WebHooksManager.PublishEventAsync: PostDeployment" date="2025-06-09T09:07:13.373" /><!-- duration: 273ms -->
          </step><!-- duration: 298ms -->
          <step title="Cleaning up temporary deployment - fetch deployment was successful" date="2025-06-09T09:07:13.676" /><!-- duration: 18ms -->
        </step><!-- duration: 4556ms -->
      </step><!-- duration: 6318ms -->
