<step title="Incoming Request" date="2025-06-09T08:22:20.422" instance="dc7a13" url="/api/deployments/latest?deployer=GITHUB_ZIP_DEPLOY&amp;time=2025-06-09_08-21-18Z" method="GET" type="request" pid="769,1,3" Host="fruits-api-app.scm.azurewebsites.net" User-Agent="GITHUBACTIONS_DeployWebAppToAzure_7c029dfbf870a064ce012f6b308985b52fe40d3c984a00ece1c501bd9048455a" Authorization="Bas..." Content-Type="application/json; charset=utf-8" Cookie="ARRAffinity=dc7a138dfcb63bce17254cc4321cf14c9178fc6ae4c339b927686049d314ddf6;Path=/;HttpOnly;Secure;Domain=fruits-api-app.scm.azurewebsites.net; ARRAffinitySameSite=dc7a138dfcb63bce17254cc4321cf14c9178fc6ae4c339b927686049d314ddf6;Path=/;HttpOnly;SameSite=None;Secure;Domain=fruits-api-app.scm.azurewebsites.net" Content-Length="0" X-ARR-LOG-ID="14df35b3-da49-4bdf-9522-05123569d7d3" CLIENT-IP="20.161.15.97:1985" X-SITE-DEPLOYMENT-ID="fruits-api-app" WAS-DEFAULT-HOSTNAME="fruits-api-app.scm.azurewebsites.net" X-Forwarded-Proto="https" X-AppService-Proto="https" X-Forwarded-TlsVersion="1.3" X-WAWS-Unencoded-URL="/api/deployments/latest?deployer=GITHUB_ZIP_DEPLOY&amp;time=2025-06-09_08-21-18Z" X-Client-IP="20.161.15.97" X-Client-Port="1985" >
  <step title="Cleanup Xml Logs" date="2025-06-09T08:22:20.424" >
    <step title="Cleanup Infos" date="2025-06-09T08:22:20.462" totalFiles="423" totalCleanup="263" /><!-- duration: 2ms -->
  </step><!-- duration: 49ms -->
  <step title="DeploymentService.GetResult" date="2025-06-09T08:22:20.542" >
    <step title="DeploymentService.GetLatestDeployment" date="2025-06-09T08:22:20.555" >
      <step title="DeploymentManager.GetResults" date="2025-06-09T08:22:20.623" /><!-- duration: 1470ms -->
      <step title="Deployment eb233f23-d948-4882-aee7-75d3e111585e is Building" date="2025-06-09T08:22:22.112" /><!-- duration: 20ms -->
    </step><!-- duration: 1597ms -->
  </step><!-- duration: 1628ms -->
  <step title="Outgoing response" date="2025-06-09T08:22:22.181" type="response" statusCode="202" statusText="Accepted" /><!-- duration: 2ms -->
</step><!-- duration: 1799ms -->
