<step title="BackgroundTrace" date="2025-06-08T23:53:41.518" instance="dc7a13" url="/api/zipdeploy" method="POST" >
  <step title="Creating temporary deployment - FetchDeploymentManager" date="2025-06-08T23:53:41.555" /><!-- duration: 1ms -->
  <step title="Creating temporary deployment" date="2025-06-08T23:53:41.558" /><!-- duration: 34ms -->
  <step title="Performing fetch based deployment" date="2025-06-08T23:53:41.608" >
    <step title="Cleaning up temp folders from previous zip deployments and extracting pushed zip file /tmp/zipdeploy/aa3b20ed-c3c6-4be0-9538-51ad1bd6f009.zip (0.02 MB) to /tmp/zipdeploy/extracted" date="2025-06-08T23:53:42.754" >
      <step title="ChmodRecursive Process exited with total time taken in ms: 75" date="2025-06-08T23:53:42.899" /><!-- duration: 2ms -->
    </step><!-- duration: 156ms -->
    <step title="Deployment timer started" date="2025-06-08T23:53:44.931" >
      <step title="DeploymentManager.Deploy(id:5059e60b-a635-451f-958b-5b223ae529b8)" date="2025-06-08T23:53:44.944" >
        <step title="Collecting changeset information" date="2025-06-08T23:53:44.956" /><!-- duration: 89ms -->
        <step title="Updating submodules" date="2025-06-08T23:53:45.049" /><!-- duration: 1090ms -->
        <step title="Determining deployment builder" date="2025-06-08T23:53:46.311" >
          <step title="Builder is OryxBuilder" date="2025-06-08T23:53:46.326" /><!-- duration: 2ms -->
        </step><!-- duration: 20ms -->
        <step title="PreDeployment: context.CleanOutputPath False" date="2025-06-08T23:53:46.371" >
          <step title="PreDeployment: context.OutputPath /home/site/wwwroot" date="2025-06-08T23:53:46.450" >
            <step title="Building" date="2025-06-08T23:53:46.531" >
              <step title="Executing external process" date="2025-06-08T23:53:46.758" type="process" path="bash" arguments="-c &quot;oryx build /tmp/zipdeploy/extracted -o /home/site/wwwroot --platform python --platform-version 3.11 -p virtualenv_name=antenv --log-file /tmp/build-debug.log  -i /tmp/8dda6e7b5272992 --compress-destination-dir | tee /tmp/oryx-build.log ; exit $PIPESTATUS &quot;" /><!-- duration: 108770ms -->
              <step title="Using PythonDeploymentLogParser" date="2025-06-08T23:55:35.844" /><!-- duration: 2ms -->
              <step title="Triggering recycle (preview mode disabled)." date="2025-06-08T23:55:36.701" /><!-- duration: 3ms -->
              <step title="Modified file to trigger a restart of the app container." date="2025-06-08T23:55:36.722" /><!-- duration: 1ms -->
              <step title="Skip function trigger and logicapp sync because function is not enabled." date="2025-06-08T23:55:36.742" /><!-- duration: 2ms -->
            </step><!-- duration: 110821ms -->
          </step><!-- duration: 110904ms -->
          <step title="Cleaning up temp files" date="2025-06-08T23:55:37.356" /><!-- duration: 2398ms -->
          <step title="Cleaning up temp files" date="2025-06-08T23:55:39.757" /><!-- duration: 509ms -->
          <step title="Reloading status file with latest updates" date="2025-06-08T23:55:40.298" >
            <step title="WebHooksManager.PublishEventAsync: PostDeployment" date="2025-06-08T23:55:40.345" /><!-- duration: 81ms -->
          </step><!-- duration: 140ms -->
          <step title="Cleaning up temporary deployment - fetch deployment was successful" date="2025-06-08T23:55:40.457" /><!-- duration: 2ms -->
        </step><!-- duration: 114166ms -->
      </step><!-- duration: 115643ms -->
