<step title="Incoming Request" date="2025-06-09T09:16:19.059" instance="dc7a13" url="/api/zipdeploy?isAsync=true&amp;deployer=GITHUB_ZIP_DEPLOY&amp;message=%7B%22type%22%3A%22deployment%22%2C%22sha%22%3A%228cd59d78f34cc508be32edabb62e17f042da2704%22%2C%22repoName%22%3A%22sbeuran%2Fcastoredc-technical-assignment%22%2C%22actor%22%3A%22sbeuran%22%2C%22slotName%22%3A%22production%22%2C%22commitMessage%22%3A%22fix%3A%20use%20startup%20script%20for%20Linux%20container%22%7D" method="POST" type="request" pid="771,1,16" Host="fruits-api-app.scm.azurewebsites.net" User-Agent="GITHUBACTIONS_DeployWebAppToAzure_7c029dfbf870a064ce012f6b308985b52fe40d3c984a00ece1c501bd9048455a" Authorization="Bas..." Content-Type="application/octet-stream" Cookie="ARRAffinity=dc7a138dfcb63bce17254cc4321cf14c9178fc6ae4c339b927686049d314ddf6;Path=/;HttpOnly;Secure;Domain=fruits-api-app.scm.azurewebsites.net; ARRAffinitySameSite=dc7a138dfcb63bce17254cc4321cf14c9178fc6ae4c339b927686049d314ddf6;Path=/;HttpOnly;SameSite=None;Secure;Domain=fruits-api-app.scm.azurewebsites.net" Transfer-Encoding="chunked" X-ARR-LOG-ID="ac6e9ce1-2c83-4abd-b7de-ffa1358d5781" CLIENT-IP="172.172.46.89:1024" X-SITE-DEPLOYMENT-ID="fruits-api-app" WAS-DEFAULT-HOSTNAME="fruits-api-app.scm.azurewebsites.net" X-Forwarded-Proto="https" X-AppService-Proto="https" X-Forwarded-TlsVersion="1.3" X-WAWS-Unencoded-URL="/api/zipdeploy?isAsync=true&amp;deployer=GITHUB_ZIP_DEPLOY&amp;message=%7B%22type%22%3A%22deployment%22%2C%22sha%22%3A%228cd59d78f34cc508be32edabb62e17f042da2704%22%2C%22repoName%22%3A%22sbeuran%2Fcastoredc-technical-assignment%22%2C%22actor%22%3A%22sbeuran%22%2C%22slotName%22%3A%22production%22%2C%22commitMessage%22%3A%22fix%3A%20use%20startup%20script%20for%20Linux%20container%22%7D" X-Client-IP="172.172.46.89" X-Client-Port="1024" >
  <step title="ZipPushDeploy" date="2025-06-09T09:16:19.880" >
    <step title="ZipDeploy. Run from package. Ignore remote build." date="2025-06-09T09:16:19.930" /><!-- duration: 1ms -->
    <step title="None repository commit" date="2025-06-09T09:16:19.941" >
      <step title="Commit id: 99e55107-0d87-4344-a012-108c5dc6928f" date="2025-06-09T09:16:19.949" Message="N/A" AuthorName="N/A" AuthorEmail="N/A" /><!-- duration: 1ms -->
    </step><!-- duration: 10ms -->
    <step title="Starting PushDeployAsync" date="2025-06-09T09:16:19.953" /><!-- duration: 1ms -->
    <step title="WEBSITE_RUN_FROM_PACKAGE is set to 1. Writing zip to SitePackagesPath" date="2025-06-09T09:16:19.960" /><!-- duration: 1ms -->
    <step title="Copying zip to SitePackages /home/data/SitePackages/20250609091619.zip from request body" date="2025-06-09T09:16:19.964" /><!-- duration: 1ms -->
    <step title="Writing multipart request body to /home/data/SitePackages/20250609091619.zip" date="2025-06-09T09:16:19.969" /><!-- duration: 2ms -->
    <step title="Start deployment in the background" date="2025-06-09T09:16:20.629" >
      <step title="Acquiring Deployment Lock" date="2025-06-09T09:16:20.687" /><!-- duration: 1ms -->
      <step title="Acquired Deployment Lock" date="2025-06-09T09:16:20.718" /><!-- duration: 1ms -->
    </step><!-- duration: 147ms -->
  </step><!-- duration: 901ms -->
  <step title="Outgoing response" date="2025-06-09T09:16:20.798" type="response" statusCode="202" statusText="Accepted" /><!-- duration: 2ms -->
</step><!-- duration: 1742ms -->
