<step title="Incoming Request" date="2025-06-09T08:21:47.334" instance="dc7a13" url="/api/deployments/latest?deployer=GITHUB_ZIP_DEPLOY&amp;time=2025-06-09_08-21-18Z" method="GET" type="request" pid="769,1,26" Host="fruits-api-app.scm.azurewebsites.net" User-Agent="GITHUBACTIONS_DeployWebAppToAzure_7c029dfbf870a064ce012f6b308985b52fe40d3c984a00ece1c501bd9048455a" Authorization="Bas..." Content-Type="application/json; charset=utf-8" Cookie="ARRAffinity=dc7a138dfcb63bce17254cc4321cf14c9178fc6ae4c339b927686049d314ddf6;Path=/;HttpOnly;Secure;Domain=fruits-api-app.scm.azurewebsites.net; ARRAffinitySameSite=dc7a138dfcb63bce17254cc4321cf14c9178fc6ae4c339b927686049d314ddf6;Path=/;HttpOnly;SameSite=None;Secure;Domain=fruits-api-app.scm.azurewebsites.net" Content-Length="0" X-ARR-LOG-ID="4d1a52d8-a17d-411b-990c-6c893c310645" CLIENT-IP="20.161.15.97:1984" X-SITE-DEPLOYMENT-ID="fruits-api-app" WAS-DEFAULT-HOSTNAME="fruits-api-app.scm.azurewebsites.net" X-Forwarded-Proto="https" X-AppService-Proto="https" X-Forwarded-TlsVersion="1.3" X-WAWS-Unencoded-URL="/api/deployments/latest?deployer=GITHUB_ZIP_DEPLOY&amp;time=2025-06-09_08-21-18Z" X-Client-IP="20.161.15.97" X-Client-Port="1984" >
  <step title="Cleanup Xml Logs" date="2025-06-09T08:21:47.337" >
    <step title="Cleanup Infos" date="2025-06-09T08:21:47.385" totalFiles="418" totalCleanup="258" /><!-- duration: 2ms -->
  </step><!-- duration: 59ms -->
  <step title="DeploymentService.GetResult" date="2025-06-09T08:21:47.408" >
    <step title="DeploymentService.GetLatestDeployment" date="2025-06-09T08:21:47.416" >
      <step title="DeploymentManager.GetResults" date="2025-06-09T08:21:47.425" /><!-- duration: 775ms -->
      <step title="Deployment eb233f23-d948-4882-aee7-75d3e111585e is Building" date="2025-06-09T08:21:48.203" /><!-- duration: 28ms -->
    </step><!-- duration: 816ms -->
  </step><!-- duration: 833ms -->
  <step title="Outgoing response" date="2025-06-09T08:21:48.271" type="response" statusCode="202" statusText="Accepted" /><!-- duration: 2ms -->
</step><!-- duration: 947ms -->
