<step title="Incoming Request" date="2025-06-09T09:07:11.430" instance="dc7a13" url="/api/deployments/latest?deployer=GITHUB_ZIP_DEPLOY&amp;time=2025-06-09_09-07-02Z" method="GET" type="request" pid="771,1,18" Host="fruits-api-app.scm.azurewebsites.net" User-Agent="GITHUBACTIONS_DeployWebAppToAzure_7c029dfbf870a064ce012f6b308985b52fe40d3c984a00ece1c501bd9048455a" Authorization="Bas..." Content-Type="application/json; charset=utf-8" Cookie="ARRAffinity=dc7a138dfcb63bce17254cc4321cf14c9178fc6ae4c339b927686049d314ddf6;Path=/;HttpOnly;Secure;Domain=fruits-api-app.scm.azurewebsites.net; ARRAffinitySameSite=dc7a138dfcb63bce17254cc4321cf14c9178fc6ae4c339b927686049d314ddf6;Path=/;HttpOnly;SameSite=None;Secure;Domain=fruits-api-app.scm.azurewebsites.net" Content-Length="0" X-ARR-LOG-ID="0d4b8c23-fda7-4fb3-934a-673e551249fe" CLIENT-IP="172.190.48.201:20673" X-SITE-DEPLOYMENT-ID="fruits-api-app" WAS-DEFAULT-HOSTNAME="fruits-api-app.scm.azurewebsites.net" X-Forwarded-Proto="https" X-AppService-Proto="https" X-Forwarded-TlsVersion="1.3" X-WAWS-Unencoded-URL="/api/deployments/latest?deployer=GITHUB_ZIP_DEPLOY&amp;time=2025-06-09_09-07-02Z" X-Client-IP="172.190.48.201" X-Client-Port="20673" >
  <step title="Cleanup Xml Logs" date="2025-06-09T09:07:11.478" >
    <step title="Cleanup Infos" date="2025-06-09T09:07:11.537" totalFiles="473" totalCleanup="313" /><!-- duration: 2ms -->
  </step><!-- duration: 69ms -->
  <step title="DeploymentService.GetResult" date="2025-06-09T09:07:11.569" >
    <step title="DeploymentService.GetLatestDeployment" date="2025-06-09T09:07:11.577" >
      <step title="DeploymentManager.GetResults" date="2025-06-09T09:07:11.579" /><!-- duration: 1507ms -->
      <step title="Deployment temp-e84a9942 is Pending" date="2025-06-09T09:07:13.092" /><!-- duration: 2ms -->
    </step><!-- duration: 1519ms -->
  </step><!-- duration: 1529ms -->
  <step title="Outgoing response" date="2025-06-09T09:07:13.105" type="response" statusCode="202" statusText="Accepted" /><!-- duration: 3ms -->
</step><!-- duration: 1680ms -->
