<step title="Incoming Request" date="2025-06-08T23:44:02.851" instance="dc7a13" url="/api/deployments/latest?deployer=GITHUB_ZIP_DEPLOY&amp;time=2025-06-08_23-41-33Z" method="GET" type="request" pid="769,1,31" Host="fruits-api-app.scm.azurewebsites.net" User-Agent="GITHUBACTIONS_DeployWebAppToAzure_7c029dfbf870a064ce012f6b308985b52fe40d3c984a00ece1c501bd9048455a" Authorization="Bas..." Content-Type="application/json; charset=utf-8" Cookie="ARRAffinity=dc7a138dfcb63bce17254cc4321cf14c9178fc6ae4c339b927686049d314ddf6;Path=/;HttpOnly;Secure;Domain=fruits-api-app.scm.azurewebsites.net; ARRAffinitySameSite=dc7a138dfcb63bce17254cc4321cf14c9178fc6ae4c339b927686049d314ddf6;Path=/;HttpOnly;SameSite=None;Secure;Domain=fruits-api-app.scm.azurewebsites.net" Content-Length="0" X-ARR-LOG-ID="6856aa3f-65f6-41a6-a3b1-172e3182a27e" CLIENT-IP="40.84.21.253:1984" X-SITE-DEPLOYMENT-ID="fruits-api-app" WAS-DEFAULT-HOSTNAME="fruits-api-app.scm.azurewebsites.net" X-Forwarded-Proto="https" X-AppService-Proto="https" X-Forwarded-TlsVersion="1.3" X-WAWS-Unencoded-URL="/api/deployments/latest?deployer=GITHUB_ZIP_DEPLOY&amp;time=2025-06-08_23-41-33Z" X-Client-IP="40.84.21.253" X-Client-Port="1984" >
  <step title="Cleanup Xml Logs" date="2025-06-08T23:44:02.870" >
    <step title="Cleanup Infos" date="2025-06-08T23:44:02.962" totalFiles="236" totalCleanup="76" /><!-- duration: 38ms -->
  </step><!-- duration: 131ms -->
  <step title="DeploymentService.GetResult" date="2025-06-08T23:44:03.041" >
    <step title="DeploymentService.GetLatestDeployment" date="2025-06-08T23:44:03.043" >
      <step title="DeploymentManager.GetResults" date="2025-06-08T23:44:03.062" /><!-- duration: 780ms -->
      <step title="Deployment 3592492d-9f19-443f-abe7-c5a2d269dea3 is Building" date="2025-06-08T23:44:03.862" /><!-- duration: 21ms -->
    </step><!-- duration: 869ms -->
  </step><!-- duration: 873ms -->
  <step title="Outgoing response" date="2025-06-08T23:44:03.974" type="response" statusCode="202" statusText="Accepted" /><!-- duration: 18ms -->
</step><!-- duration: 1144ms -->
