<step title="Incoming Request" date="2025-06-08T23:29:11.290" instance="dc7a13" url="/api/zipdeploy?isAsync=true&amp;deployer=GITHUB_ZIP_DEPLOY&amp;message=%7B%22type%22%3A%22deployment%22%2C%22sha%22%3A%22a9438278f68692f74892e5180511798dcf85e3f8%22%2C%22repoName%22%3A%22sbeuran%2Fcastoredc-technical-assignment%22%2C%22actor%22%3A%22sbeuran%22%2C%22slotName%22%3A%22production%22%2C%22commitMessage%22%3A%22fix%3A%20use%20Azure%27s%20Python%20environment%5Cn%5Cn-%20Removed%20virtual%20environment%20creation%5Cn-%20Using%20pip3%20install%20--user%20for%20dependencies%5Cn-%20Added%20explicit%20paths%20to%20executables%5Cn-%20Added%20more%20debug%20information%22%7D" method="POST" type="request" pid="769,1,26" Host="fruits-api-app.scm.azurewebsites.net" User-Agent="GITHUBACTIONS_DeployWebAppToAzure_7c029dfbf870a064ce012f6b308985b52fe40d3c984a00ece1c501bd9048455a" Authorization="Bas..." Content-Type="application/octet-stream" Cookie="ARRAffinity=dc7a138dfcb63bce17254cc4321cf14c9178fc6ae4c339b927686049d314ddf6;Path=/;HttpOnly;Secure;Domain=fruits-api-app.scm.azurewebsites.net; ARRAffinitySameSite=dc7a138dfcb63bce17254cc4321cf14c9178fc6ae4c339b927686049d314ddf6;Path=/;HttpOnly;SameSite=None;Secure;Domain=fruits-api-app.scm.azurewebsites.net" Transfer-Encoding="chunked" X-ARR-LOG-ID="860d2dbb-2aed-4fa6-9130-9cb857e5ee67" CLIENT-IP="20.168.16.101:1984" X-SITE-DEPLOYMENT-ID="fruits-api-app" WAS-DEFAULT-HOSTNAME="fruits-api-app.scm.azurewebsites.net" X-Forwarded-Proto="https" X-AppService-Proto="https" X-Forwarded-TlsVersion="1.3" X-WAWS-Unencoded-URL="/api/zipdeploy?isAsync=true&amp;deployer=GITHUB_ZIP_DEPLOY&amp;message=%7B%22type%22%3A%22deployment%22%2C%22sha%22%3A%22a9438278f68692f74892e5180511798dcf85e3f8%22%2C%22repoName%22%3A%22sbeuran%2Fcastoredc-technical-assignment%22%2C%22actor%22%3A%22sbeuran%22%2C%22slotName%22%3A%22production%22%2C%22commitMessage%22%3A%22fix%3A%20use%20Azure%27s%20Python%20environment%5Cn%5Cn-%20Removed%20virtual%20environment%20creation%5Cn-%20Using%20pip3%20install%20--user%20for%20dependencies%5Cn-%20Added%20explicit%20paths%20to%20executables%5Cn-%20Added%20more%20debug%20information%22%7D" X-Client-IP="20.168.16.101" X-Client-Port="1984" >
  <step title="ZipPushDeploy" date="2025-06-08T23:29:11.301" >
    <step title="ZipDeploy. Extract zip. Remote build." date="2025-06-08T23:29:11.310" /><!-- duration: 8ms -->
    <step title="Starting PushDeployAsync" date="2025-06-08T23:29:11.321" /><!-- duration: 2ms -->
    <step title="Writing artifact to /tmp/zipdeploy/0d4475ad-39cb-4b93-8138-1ab652fa11e0.zip" date="2025-06-08T23:29:11.331" >
      <step title="Writing multipart request body to /tmp/zipdeploy/0d4475ad-39cb-4b93-8138-1ab652fa11e0.zip" date="2025-06-08T23:29:11.333" /><!-- duration: 5ms -->
    </step><!-- duration: 27ms -->
    <step title="Start deployment in the background" date="2025-06-08T23:29:11.370" >
      <step title="Acquiring Deployment Lock" date="2025-06-08T23:29:11.387" /><!-- duration: 2ms -->
      <step title="Acquired Deployment Lock" date="2025-06-08T23:29:11.439" /><!-- duration: 9ms -->
    </step><!-- duration: 140ms -->
  </step><!-- duration: 211ms -->
  <step title="Outgoing response" date="2025-06-08T23:29:11.514" type="response" statusCode="202" statusText="Accepted" /><!-- duration: 2ms -->
</step><!-- duration: 228ms -->
