<step title="Incoming Request" date="2025-06-08T23:59:19.663" instance="dc7a13" url="/api/deployments/latest?deployer=GITHUB_ZIP_DEPLOY&amp;time=2025-06-08_23-57-43Z" method="GET" type="request" pid="769,1,7" Host="fruits-api-app.scm.azurewebsites.net" User-Agent="GITHUBACTIONS_DeployWebAppToAzure_7c029dfbf870a064ce012f6b308985b52fe40d3c984a00ece1c501bd9048455a" Authorization="Bas..." Content-Type="application/json; charset=utf-8" Cookie="ARRAffinity=dc7a138dfcb63bce17254cc4321cf14c9178fc6ae4c339b927686049d314ddf6;Path=/;HttpOnly;Secure;Domain=fruits-api-app.scm.azurewebsites.net; ARRAffinitySameSite=dc7a138dfcb63bce17254cc4321cf14c9178fc6ae4c339b927686049d314ddf6;Path=/;HttpOnly;SameSite=None;Secure;Domain=fruits-api-app.scm.azurewebsites.net" Content-Length="0" X-ARR-LOG-ID="192ce053-8b97-45fa-999f-605a2e15d234" CLIENT-IP="23.96.230.123:1986" X-SITE-DEPLOYMENT-ID="fruits-api-app" WAS-DEFAULT-HOSTNAME="fruits-api-app.scm.azurewebsites.net" X-Forwarded-Proto="https" X-AppService-Proto="https" X-Forwarded-TlsVersion="1.3" X-WAWS-Unencoded-URL="/api/deployments/latest?deployer=GITHUB_ZIP_DEPLOY&amp;time=2025-06-08_23-57-43Z" X-Client-IP="23.96.230.123" X-Client-Port="1986" >
  <step title="Cleanup Xml Logs" date="2025-06-08T23:59:19.665" >
    <step title="Cleanup Infos" date="2025-06-08T23:59:19.693" totalFiles="319" totalCleanup="159" /><!-- duration: 2ms -->
  </step><!-- duration: 39ms -->
  <step title="DeploymentService.GetResult" date="2025-06-08T23:59:19.733" >
    <step title="DeploymentService.GetLatestDeployment" date="2025-06-08T23:59:19.735" >
      <step title="DeploymentManager.GetResults" date="2025-06-08T23:59:19.743" /><!-- duration: 423ms -->
      <step title="Deployment f8e2895f-2cf9-4373-a077-2f3e52a65aed is Building" date="2025-06-08T23:59:20.175" /><!-- duration: 9ms -->
    </step><!-- duration: 459ms -->
  </step><!-- duration: 463ms -->
  <step title="Outgoing response" date="2025-06-08T23:59:20.225" type="response" statusCode="202" statusText="Accepted" /><!-- duration: 10ms -->
</step><!-- duration: 581ms -->
