<step title="Incoming Request" date="2025-06-08T23:24:54.326" instance="dc7a13" url="/api/deployments/latest?deployer=GITHUB_ZIP_DEPLOY&amp;time=2025-06-08_23-24-47Z" method="GET" type="request" pid="769,1,20" Host="fruits-api-app.scm.azurewebsites.net" User-Agent="GITHUBACTIONS_DeployWebAppToAzure_7c029dfbf870a064ce012f6b308985b52fe40d3c984a00ece1c501bd9048455a" Authorization="Bas..." Content-Type="application/json; charset=utf-8" Cookie="ARRAffinity=dc7a138dfcb63bce17254cc4321cf14c9178fc6ae4c339b927686049d314ddf6;Path=/;HttpOnly;Secure;Domain=fruits-api-app.scm.azurewebsites.net; ARRAffinitySameSite=dc7a138dfcb63bce17254cc4321cf14c9178fc6ae4c339b927686049d314ddf6;Path=/;HttpOnly;SameSite=None;Secure;Domain=fruits-api-app.scm.azurewebsites.net" Content-Length="0" X-ARR-LOG-ID="3684406d-2767-49f7-b01e-3b220bad8a54" CLIENT-IP="23.96.189.112:1025" X-SITE-DEPLOYMENT-ID="fruits-api-app" WAS-DEFAULT-HOSTNAME="fruits-api-app.scm.azurewebsites.net" X-Forwarded-Proto="https" X-AppService-Proto="https" X-Forwarded-TlsVersion="1.3" X-WAWS-Unencoded-URL="/api/deployments/latest?deployer=GITHUB_ZIP_DEPLOY&amp;time=2025-06-08_23-24-47Z" X-Client-IP="23.96.189.112" X-Client-Port="1025" >
  <step title="Cleanup Xml Logs" date="2025-06-08T23:24:54.329" /><!-- duration: 9ms -->
  <step title="DeploymentService.GetResult" date="2025-06-08T23:24:54.342" >
    <step title="DeploymentService.GetLatestDeployment" date="2025-06-08T23:24:54.344" >
      <step title="DeploymentManager.GetResults" date="2025-06-08T23:24:54.346" /><!-- duration: 186ms -->
      <step title="Deployment temp-976c9fdd is Pending" date="2025-06-08T23:24:54.534" /><!-- duration: 1ms -->
    </step><!-- duration: 192ms -->
  </step><!-- duration: 195ms -->
  <step title="Outgoing response" date="2025-06-08T23:24:54.542" type="response" statusCode="202" statusText="Accepted" /><!-- duration: 6ms -->
</step><!-- duration: 223ms -->
