<step title="Incoming Request" date="2025-06-09T09:16:27.641" instance="dc7a13" url="/api/deployments/latest?deployer=GITHUB_ZIP_DEPLOY&amp;time=2025-06-09_09-16-20Z" method="GET" type="request" pid="771,1,20" Host="fruits-api-app.scm.azurewebsites.net" User-Agent="GITHUBACTIONS_DeployWebAppToAzure_7c029dfbf870a064ce012f6b308985b52fe40d3c984a00ece1c501bd9048455a" Authorization="Bas..." Content-Type="application/json; charset=utf-8" Cookie="ARRAffinity=dc7a138dfcb63bce17254cc4321cf14c9178fc6ae4c339b927686049d314ddf6;Path=/;HttpOnly;Secure;Domain=fruits-api-app.scm.azurewebsites.net; ARRAffinitySameSite=dc7a138dfcb63bce17254cc4321cf14c9178fc6ae4c339b927686049d314ddf6;Path=/;HttpOnly;SameSite=None;Secure;Domain=fruits-api-app.scm.azurewebsites.net" Content-Length="0" X-ARR-LOG-ID="043079c6-81b1-4759-a3c1-b6c8445ae4d1" CLIENT-IP="172.172.46.89:1025" X-SITE-DEPLOYMENT-ID="fruits-api-app" WAS-DEFAULT-HOSTNAME="fruits-api-app.scm.azurewebsites.net" X-Forwarded-Proto="https" X-AppService-Proto="https" X-Forwarded-TlsVersion="1.3" X-WAWS-Unencoded-URL="/api/deployments/latest?deployer=GITHUB_ZIP_DEPLOY&amp;time=2025-06-09_09-16-20Z" X-Client-IP="172.172.46.89" X-Client-Port="1025" >
  <step title="Cleanup Xml Logs" date="2025-06-09T09:16:27.642" >
    <step title="Cleanup Infos" date="2025-06-09T09:16:27.651" totalFiles="482" totalCleanup="322" /><!-- duration: 2ms -->
  </step><!-- duration: 13ms -->
  <step title="DeploymentService.GetResult" date="2025-06-09T09:16:27.671" >
    <step title="DeploymentService.GetLatestDeployment" date="2025-06-09T09:16:27.673" >
      <step title="DeploymentManager.GetResults" date="2025-06-09T09:16:27.675" /><!-- duration: 374ms -->
      <step title="Deployment temp-5f4146cf is Pending" date="2025-06-09T09:16:28.051" /><!-- duration: 2ms -->
    </step><!-- duration: 381ms -->
  </step><!-- duration: 385ms -->
  <step title="Outgoing response" date="2025-06-09T09:16:28.062" type="response" statusCode="202" statusText="Accepted" /><!-- duration: 8ms -->
</step><!-- duration: 431ms -->
