<step title="Incoming Request" date="2025-06-09T09:20:57.915" instance="dc7a13" url="/api/zipdeploy?isAsync=true&amp;deployer=GITHUB_ZIP_DEPLOY&amp;message=%7B%22type%22%3A%22deployment%22%2C%22sha%22%3A%22b1921c683eb47f878c2225ffbcda8e2172f9f195%22%2C%22repoName%22%3A%22sbeuran%2Fcastoredc-technical-assignment%22%2C%22actor%22%3A%22sbeuran%22%2C%22slotName%22%3A%22production%22%2C%22commitMessage%22%3A%22fix%3A%20enhance%20startup%20script%20and%20deployment%20logging%22%7D" method="POST" type="request" pid="770,1,7" Host="fruits-api-app.scm.azurewebsites.net" User-Agent="GITHUBACTIONS_DeployWebAppToAzure_7c029dfbf870a064ce012f6b308985b52fe40d3c984a00ece1c501bd9048455a" Authorization="Bas..." Content-Type="application/octet-stream" Cookie="ARRAffinity=dc7a138dfcb63bce17254cc4321cf14c9178fc6ae4c339b927686049d314ddf6;Path=/;HttpOnly;Secure;Domain=fruits-api-app.scm.azurewebsites.net; ARRAffinitySameSite=dc7a138dfcb63bce17254cc4321cf14c9178fc6ae4c339b927686049d314ddf6;Path=/;HttpOnly;SameSite=None;Secure;Domain=fruits-api-app.scm.azurewebsites.net" Transfer-Encoding="chunked" X-ARR-LOG-ID="fd469026-773b-4649-82fd-368b763e26e0" CLIENT-IP="13.67.140.169:1984" X-SITE-DEPLOYMENT-ID="fruits-api-app" WAS-DEFAULT-HOSTNAME="fruits-api-app.scm.azurewebsites.net" X-Forwarded-Proto="https" X-AppService-Proto="https" X-Forwarded-TlsVersion="1.3" X-WAWS-Unencoded-URL="/api/zipdeploy?isAsync=true&amp;deployer=GITHUB_ZIP_DEPLOY&amp;message=%7B%22type%22%3A%22deployment%22%2C%22sha%22%3A%22b1921c683eb47f878c2225ffbcda8e2172f9f195%22%2C%22repoName%22%3A%22sbeuran%2Fcastoredc-technical-assignment%22%2C%22actor%22%3A%22sbeuran%22%2C%22slotName%22%3A%22production%22%2C%22commitMessage%22%3A%22fix%3A%20enhance%20startup%20script%20and%20deployment%20logging%22%7D" X-Client-IP="13.67.140.169" X-Client-Port="1984" >
  <step title="ZipPushDeploy" date="2025-06-09T09:20:59.612" >
    <step title="ZipDeploy. Run from package. Ignore remote build." date="2025-06-09T09:20:59.624" /><!-- duration: 8ms -->
    <step title="None repository commit" date="2025-06-09T09:20:59.643" >
      <step title="Commit id: 338658e9-7823-4177-a80a-1f495c431801" date="2025-06-09T09:20:59.652" Message="N/A" AuthorName="N/A" AuthorEmail="N/A" /><!-- duration: 1ms -->
    </step><!-- duration: 13ms -->
    <step title="Starting PushDeployAsync" date="2025-06-09T09:20:59.657" /><!-- duration: 1ms -->
    <step title="WEBSITE_RUN_FROM_PACKAGE is set to 1. Writing zip to SitePackagesPath" date="2025-06-09T09:20:59.675" /><!-- duration: 1ms -->
    <step title="Copying zip to SitePackages /home/data/SitePackages/20250609092059.zip from request body" date="2025-06-09T09:20:59.680" /><!-- duration: 2ms -->
    <step title="Writing multipart request body to /home/data/SitePackages/20250609092059.zip" date="2025-06-09T09:20:59.684" /><!-- duration: 8ms -->
    <step title="Start deployment in the background" date="2025-06-09T09:21:00.350" >
      <step title="Acquiring Deployment Lock" date="2025-06-09T09:21:00.370" /><!-- duration: 2ms -->
      <step title="Acquired Deployment Lock" date="2025-06-09T09:21:00.425" /><!-- duration: 1ms -->
    </step><!-- duration: 237ms -->
  </step><!-- duration: 982ms -->
  <step title="Outgoing response" date="2025-06-09T09:21:00.615" type="response" statusCode="202" statusText="Accepted" /><!-- duration: 8ms -->
</step><!-- duration: 2710ms -->
