<step title="Incoming Request" date="2025-06-08T23:39:30.568" instance="dc7a13" url="/api/deployments/latest?deployer=GITHUB_ZIP_DEPLOY&amp;time=2025-06-08_23-38-01Z" method="GET" type="request" pid="769,1,26" Host="fruits-api-app.scm.azurewebsites.net" User-Agent="GITHUBACTIONS_DeployWebAppToAzure_7c029dfbf870a064ce012f6b308985b52fe40d3c984a00ece1c501bd9048455a" Authorization="Bas..." Content-Type="application/json; charset=utf-8" Cookie="ARRAffinity=dc7a138dfcb63bce17254cc4321cf14c9178fc6ae4c339b927686049d314ddf6;Path=/;HttpOnly;Secure;Domain=fruits-api-app.scm.azurewebsites.net; ARRAffinitySameSite=dc7a138dfcb63bce17254cc4321cf14c9178fc6ae4c339b927686049d314ddf6;Path=/;HttpOnly;SameSite=None;Secure;Domain=fruits-api-app.scm.azurewebsites.net" Content-Length="0" X-ARR-LOG-ID="1c34bf91-8638-4ad7-8a91-bda0e958892a" CLIENT-IP="20.51.141.180:14658" X-SITE-DEPLOYMENT-ID="fruits-api-app" WAS-DEFAULT-HOSTNAME="fruits-api-app.scm.azurewebsites.net" X-Forwarded-Proto="https" X-AppService-Proto="https" X-Forwarded-TlsVersion="1.3" X-WAWS-Unencoded-URL="/api/deployments/latest?deployer=GITHUB_ZIP_DEPLOY&amp;time=2025-06-08_23-38-01Z" X-Client-IP="20.51.141.180" X-Client-Port="14658" >
  <step title="Cleanup Xml Logs" date="2025-06-08T23:39:30.577" >
    <step title="Cleanup Infos" date="2025-06-08T23:39:30.599" totalFiles="203" totalCleanup="43" /><!-- duration: 10ms -->
  </step><!-- duration: 42ms -->
  <step title="DeploymentService.GetResult" date="2025-06-08T23:39:30.631" >
    <step title="DeploymentService.GetLatestDeployment" date="2025-06-08T23:39:30.634" >
      <step title="DeploymentManager.GetResults" date="2025-06-08T23:39:30.647" /><!-- duration: 254ms -->
      <step title="Deployment a2a013ff-1322-49fe-9551-530f0f6079a0 is Building" date="2025-06-08T23:39:30.910" /><!-- duration: 8ms -->
    </step><!-- duration: 294ms -->
  </step><!-- duration: 300ms -->
  <step title="Outgoing response" date="2025-06-08T23:39:30.941" type="response" statusCode="202" statusText="Accepted" /><!-- duration: 9ms -->
</step><!-- duration: 392ms -->
