<step title="BackgroundTrace" date="2025-06-08T23:41:32.962" instance="dc7a13" url="/api/zipdeploy" method="POST" >
  <step title="Creating temporary deployment - FetchDeploymentManager" date="2025-06-08T23:41:33.007" /><!-- duration: 2ms -->
  <step title="Creating temporary deployment" date="2025-06-08T23:41:33.011" /><!-- duration: 52ms -->
  <step title="Performing fetch based deployment" date="2025-06-08T23:41:33.083" >
    <step title="Cleaning up temp folders from previous zip deployments and extracting pushed zip file /tmp/zipdeploy/c65f28eb-9194-4fa1-9ffb-828425094e93.zip (0.02 MB) to /tmp/zipdeploy/extracted" date="2025-06-08T23:41:34.221" >
      <step title="ChmodRecursive Process exited with total time taken in ms: 73" date="2025-06-08T23:41:34.354" /><!-- duration: 9ms -->
    </step><!-- duration: 160ms -->
    <step title="Deployment timer started" date="2025-06-08T23:41:36.411" >
      <step title="DeploymentManager.Deploy(id:3592492d-9f19-443f-abe7-c5a2d269dea3)" date="2025-06-08T23:41:36.433" >
        <step title="Collecting changeset information" date="2025-06-08T23:41:36.454" /><!-- duration: 101ms -->
        <step title="Updating submodules" date="2025-06-08T23:41:36.559" /><!-- duration: 1074ms -->
        <step title="Determining deployment builder" date="2025-06-08T23:41:37.751" >
          <step title="Builder is OryxBuilder" date="2025-06-08T23:41:37.772" /><!-- duration: 2ms -->
        </step><!-- duration: 26ms -->
        <step title="PreDeployment: context.CleanOutputPath False" date="2025-06-08T23:41:37.833" >
          <step title="PreDeployment: context.OutputPath /home/site/wwwroot" date="2025-06-08T23:41:37.914" >
            <step title="Building" date="2025-06-08T23:41:38.050" >
              <step title="Executing external process" date="2025-06-08T23:41:38.292" type="process" path="bash" arguments="-c &quot;oryx build /tmp/zipdeploy/extracted -o /home/site/wwwroot --platform python --platform-version 3.11 -p virtualenv_name=antenv --log-file /tmp/build-debug.log  -i /tmp/8dda6e602e5ddef --compress-destination-dir | tee /tmp/oryx-build.log ; exit $PIPESTATUS &quot;" /><!-- duration: 147676ms -->
              <step title="Using PythonDeploymentLogParser" date="2025-06-08T23:44:06.297" /><!-- duration: 2ms -->
              <step title="Triggering recycle (preview mode disabled)." date="2025-06-08T23:44:07.004" /><!-- duration: 9ms -->
              <step title="Modified file to trigger a restart of the app container." date="2025-06-08T23:44:07.033" /><!-- duration: 8ms -->
              <step title="Skip function trigger and logicapp sync because function is not enabled." date="2025-06-08T23:44:07.052" /><!-- duration: 1ms -->
            </step><!-- duration: 149745ms -->
          </step><!-- duration: 149882ms -->
          <step title="Cleaning up temp files" date="2025-06-08T23:44:07.798" /><!-- duration: 2388ms -->
          <step title="Cleaning up temp files" date="2025-06-08T23:44:10.198" /><!-- duration: 532ms -->
          <step title="Reloading status file with latest updates" date="2025-06-08T23:44:10.809" >
            <step title="WebHooksManager.PublishEventAsync: PostDeployment" date="2025-06-08T23:44:10.859" /><!-- duration: 223ms -->
          </step><!-- duration: 301ms -->
          <step title="Cleaning up temporary deployment - fetch deployment was successful" date="2025-06-08T23:44:11.162" /><!-- duration: 2ms -->
        </step><!-- duration: 153459ms -->
      </step><!-- duration: 154951ms -->
