<step title="BackgroundTrace" date="2025-06-09T09:16:20.645" instance="dc7a13" url="/api/zipdeploy" method="POST" >
  <step title="Cleanup Xml Logs" date="2025-06-09T09:16:20.649" >
    <step title="Cleanup Infos" date="2025-06-09T09:16:20.659" totalFiles="480" totalCleanup="320" /><!-- duration: 2ms -->
  </step><!-- duration: 16ms -->
  <step title="Creating temporary deployment - FetchDeploymentManager" date="2025-06-09T09:16:20.722" /><!-- duration: 1ms -->
  <step title="Creating temporary deployment" date="2025-06-09T09:16:20.736" /><!-- duration: 38ms -->
  <step title="Performing fetch based deployment" date="2025-06-09T09:16:20.818" >
    <step title="Deployment timer started" date="2025-06-09T09:16:24.268" >
      <step title="DeploymentManager.Deploy(id:99e55107-0d87-4344-a012-108c5dc6928f)" date="2025-06-09T09:16:24.277" >
        <step title="Collecting changeset information" date="2025-06-09T09:16:24.290" /><!-- duration: 92ms -->
        <step title="Updating submodules" date="2025-06-09T09:16:24.385" /><!-- duration: 1071ms -->
        <step title="Determining deployment builder" date="2025-06-09T09:16:25.683" >
          <step title="Builder is RunFromZipSiteBuilder" date="2025-06-09T09:16:25.722" /><!-- duration: 2ms -->
        </step><!-- duration: 50ms -->
        <step title="PreDeployment: context.CleanOutputPath False" date="2025-06-09T09:16:25.777" >
          <step title="PreDeployment: context.OutputPath /home/site/wwwroot" date="2025-06-09T09:16:25.876" >
            <step title="Building" date="2025-06-09T09:16:25.990" >
              <step title="Triggering recycle (preview mode disabled)." date="2025-06-09T09:16:26.362" /><!-- duration: 2ms -->
              <step title="Modified file to trigger a restart of the app container." date="2025-06-09T09:16:26.414" /><!-- duration: 9ms -->
              <step title="Skip function trigger and logicapp sync because function is not enabled." date="2025-06-09T09:16:26.434" /><!-- duration: 19ms -->
              <step title="Purge deployment items" date="2025-06-09T09:16:27.461" >
                <step title="Remove 3592492d-, Success, received at 06/08/2025 23:41:36" date="2025-06-09T09:16:27.496" /><!-- duration: 1ms -->
              </step><!-- duration: 39ms -->
            </step><!-- duration: 1558ms -->
          </step><!-- duration: 1674ms -->
          <step title="Cleaning up temp files" date="2025-06-09T09:16:27.552" /><!-- duration: 6ms -->
          <step title="Cleaning up temp files" date="2025-06-09T09:16:27.559" /><!-- duration: 531ms -->
          <step title="Reloading status file with latest updates" date="2025-06-09T09:16:28.153" >
            <step title="WebHooksManager.PublishEventAsync: PostDeployment" date="2025-06-09T09:16:28.191" /><!-- duration: 171ms -->
          </step><!-- duration: 210ms -->
          <step title="Cleaning up temporary deployment - fetch deployment was successful" date="2025-06-09T09:16:28.368" /><!-- duration: 2ms -->
        </step><!-- duration: 2665ms -->
      </step><!-- duration: 4196ms -->
