<step title="Incoming Request" date="2025-06-08T23:38:01.417" instance="dc7a13" url="/api/zipdeploy?isAsync=true&amp;deployer=GITHUB_ZIP_DEPLOY&amp;message=%7B%22type%22%3A%22deployment%22%2C%22sha%22%3A%22a4682a0764a5b01fc1d287ab8392c1dd8e63b7db%22%2C%22repoName%22%3A%22sbeuran%2Fcastoredc-technical-assignment%22%2C%22actor%22%3A%22sbeuran%22%2C%22slotName%22%3A%22production%22%2C%22commitMessage%22%3A%22feat%3A%20add%20health%20check%20endpoint%5Cn%5Cn-%20Added%20%2Fhealth%20endpoint%20for%20monitoring%5Cn-%20Returns%20status%20and%20message%22%7D" method="POST" type="request" pid="769,1,19" Host="fruits-api-app.scm.azurewebsites.net" User-Agent="GITHUBACTIONS_DeployWebAppToAzure_7c029dfbf870a064ce012f6b308985b52fe40d3c984a00ece1c501bd9048455a" Authorization="Bas..." Content-Type="application/octet-stream" Cookie="ARRAffinity=dc7a138dfcb63bce17254cc4321cf14c9178fc6ae4c339b927686049d314ddf6;Path=/;HttpOnly;Secure;Domain=fruits-api-app.scm.azurewebsites.net; ARRAffinitySameSite=dc7a138dfcb63bce17254cc4321cf14c9178fc6ae4c339b927686049d314ddf6;Path=/;HttpOnly;SameSite=None;Secure;Domain=fruits-api-app.scm.azurewebsites.net" Transfer-Encoding="chunked" X-ARR-LOG-ID="4e801074-653c-4440-8efb-c2d8e61d2ea3" CLIENT-IP="20.51.141.180:14656" X-SITE-DEPLOYMENT-ID="fruits-api-app" WAS-DEFAULT-HOSTNAME="fruits-api-app.scm.azurewebsites.net" X-Forwarded-Proto="https" X-AppService-Proto="https" X-Forwarded-TlsVersion="1.3" X-WAWS-Unencoded-URL="/api/zipdeploy?isAsync=true&amp;deployer=GITHUB_ZIP_DEPLOY&amp;message=%7B%22type%22%3A%22deployment%22%2C%22sha%22%3A%22a4682a0764a5b01fc1d287ab8392c1dd8e63b7db%22%2C%22repoName%22%3A%22sbeuran%2Fcastoredc-technical-assignment%22%2C%22actor%22%3A%22sbeuran%22%2C%22slotName%22%3A%22production%22%2C%22commitMessage%22%3A%22feat%3A%20add%20health%20check%20endpoint%5Cn%5Cn-%20Added%20%2Fhealth%20endpoint%20for%20monitoring%5Cn-%20Returns%20status%20and%20message%22%7D" X-Client-IP="20.51.141.180" X-Client-Port="14656" >
  <step title="ZipPushDeploy" date="2025-06-08T23:38:01.438" >
    <step title="ZipDeploy. Extract zip. Remote build." date="2025-06-08T23:38:01.467" /><!-- duration: 10ms -->
    <step title="Starting PushDeployAsync" date="2025-06-08T23:38:01.496" /><!-- duration: 2ms -->
    <step title="Writing artifact to /tmp/zipdeploy/6ec9f170-1de6-4d96-8c96-ac1be41bcca6.zip" date="2025-06-08T23:38:01.528" >
      <step title="Writing multipart request body to /tmp/zipdeploy/6ec9f170-1de6-4d96-8c96-ac1be41bcca6.zip" date="2025-06-08T23:38:01.529" /><!-- duration: 8ms -->
    </step><!-- duration: 20ms -->
    <step title="Removing previous build artifact&apos;s manifest file" date="2025-06-08T23:38:01.558" >
      <step title="Start deployment in the background" date="2025-06-08T23:38:01.569" >
        <step title="Acquiring Deployment Lock" date="2025-06-08T23:38:01.599" /><!-- duration: 8ms -->
        <step title="Acquired Deployment Lock" date="2025-06-08T23:38:01.679" /><!-- duration: 19ms -->
      </step><!-- duration: 228ms -->
    </step><!-- duration: 248ms -->
    <step title="Outgoing response" date="2025-06-08T23:38:01.816" type="response" statusCode="202" statusText="Accepted" /><!-- duration: 9ms -->
  </step><!-- duration: 389ms -->
