<step title="Incoming Request" date="2025-06-08T15:46:01.060" instance="dc7a13" url="/api/zipdeploy?isAsync=true" method="POST" type="request" pid="770,1,30" Accept="*/*" Host="fruits-api-app.scm.azurewebsites.net" User-Agent="AZURECLI/2.74.0 (HOMEBREW)" Accept-Encoding="gzip, deflate" Authorization="Bas..." Cache-Control="no-cache" Content-Type="application/octet-stream" Cookie="ARRAffinity=dc7a138dfcb63bce17254cc4321cf14c9178fc6ae4c339b927686049d314ddf6; ARRAffinitySameSite=dc7a138dfcb63bce17254cc4321cf14c9178fc6ae4c339b927686049d314ddf6" Content-Length="57123788" x-ms-client-request-id="a24641de-447f-11f0-b8c8-aa534ee4a209" x-ms-artifact-checksum="8dd97dc547a419ff27dfc588bb497f56ef3308950d11085042a40c4d8fdea53f" X-ARR-LOG-ID="a24641de-447f-11f0-b8c8-aa534ee4a209" CLIENT-IP="89.115.70.77:48299" X-SITE-DEPLOYMENT-ID="fruits-api-app" WAS-DEFAULT-HOSTNAME="fruits-api-app.scm.azurewebsites.net" X-Forwarded-Proto="https" X-AppService-Proto="https" X-Forwarded-TlsVersion="1.3" X-WAWS-Unencoded-URL="/api/zipdeploy?isAsync=true" X-Client-IP="89.115.70.77" X-Client-Port="48299" >
  <step title="ZipPushDeploy" date="2025-06-08T15:46:01.170" >
    <step title="ZipDeploy. Extract zip. Remote build." date="2025-06-08T15:46:01.189" /><!-- duration: 2ms -->
    <step title="None repository commit" date="2025-06-08T15:46:01.213" >
      <step title="Commit id: 337abcf3-eab8-448e-9167-4aee4d832e74" date="2025-06-08T15:46:01.216" Message="N/A" AuthorName="N/A" AuthorEmail="N/A" /><!-- duration: 2ms -->
    </step><!-- duration: 5ms -->
    <step title="Starting PushDeployAsync" date="2025-06-08T15:46:01.221" /><!-- duration: 1ms -->
    <step title="Writing artifact to /tmp/zipdeploy/f055c742-94d5-44c0-abf6-08754f061d21.zip" date="2025-06-08T15:46:01.281" >
      <step title="Writing multipart request body to /tmp/zipdeploy/f055c742-94d5-44c0-abf6-08754f061d21.zip" date="2025-06-08T15:46:01.283" /><!-- duration: 9ms -->
    </step><!-- duration: 6177ms -->
    <step title="Start deployment in the background" date="2025-06-08T15:46:07.517" >
      <step title="Acquiring Deployment Lock" date="2025-06-08T15:46:07.551" /><!-- duration: 19ms -->
      <step title="Acquired Deployment Lock" date="2025-06-08T15:46:07.604" /><!-- duration: 4ms -->
    </step><!-- duration: 175ms -->
  </step><!-- duration: 6534ms -->
  <step title="Outgoing response" date="2025-06-08T15:46:07.715" type="response" statusCode="202" statusText="Accepted" /><!-- duration: 2ms -->
</step><!-- duration: 6658ms -->
