<step title="Incoming Request" date="2025-06-08T16:10:51.678" instance="dc7a13" url="/api/deployments/latest" method="GET" type="request" pid="770,1,19" Accept="*/*" Host="fruits-api-app.scm.azurewebsites.net" User-Agent="AZURECLI/2.74.0 (HOMEBREW)" Accept-Encoding="gzip, deflate" Authorization="Bas..." x-ms-client-request-id="114313a2-4483-11f0-a984-aa534ee4a209" X-ARR-LOG-ID="114313a2-4483-11f0-a984-aa534ee4a209" CLIENT-IP="89.115.70.77:49769" X-SITE-DEPLOYMENT-ID="fruits-api-app" WAS-DEFAULT-HOSTNAME="fruits-api-app.scm.azurewebsites.net" X-Forwarded-Proto="https" X-AppService-Proto="https" X-Forwarded-TlsVersion="1.3" X-WAWS-Unencoded-URL="/api/deployments/latest" X-Client-IP="89.115.70.77" X-Client-Port="49769" >
  <step title="Cleanup Xml Logs" date="2025-06-08T16:10:51.680" /><!-- duration: 20ms -->
  <step title="DeploymentService.GetResult" date="2025-06-08T16:10:51.791" >
    <step title="DeploymentService.GetLatestDeployment" date="2025-06-08T16:10:51.809" >
      <step title="DeploymentManager.GetResults" date="2025-06-08T16:10:51.859" /><!-- duration: 393ms -->
      <step title="Deployment temp-1a976b6d is Pending" date="2025-06-08T16:10:52.253" /><!-- duration: 39ms -->
    </step><!-- duration: 484ms -->
  </step><!-- duration: 522ms -->
  <step title="Outgoing response" date="2025-06-08T16:10:52.363" type="response" statusCode="202" statusText="Accepted" /><!-- duration: 11ms -->
</step><!-- duration: 704ms -->
