<step title="BackgroundTrace" date="2025-06-09T08:31:25.416" instance="dc7a13" url="/api/zipdeploy" method="POST" >
  <step title="Creating temporary deployment - FetchDeploymentManager" date="2025-06-09T08:31:25.493" /><!-- duration: 1ms -->
  <step title="Creating temporary deployment" date="2025-06-09T08:31:25.497" /><!-- duration: 50ms -->
  <step title="Performing fetch based deployment" date="2025-06-09T08:31:25.571" >
    <step title="Cleaning up temp folders from previous zip deployments and extracting pushed zip file /tmp/zipdeploy/c4e533d6-c185-4144-8bf5-f70b0e00e55c.zip (0.02 MB) to /tmp/zipdeploy/extracted" date="2025-06-09T08:31:26.681" >
      <step title="ChmodRecursive Process exited with total time taken in ms: 51" date="2025-06-09T08:31:26.809" /><!-- duration: 2ms -->
    </step><!-- duration: 158ms -->
    <step title="Deployment timer started" date="2025-06-09T08:31:28.854" >
      <step title="DeploymentManager.Deploy(id:394e3c45-840d-42ce-acd6-4235f638c26c)" date="2025-06-09T08:31:28.864" >
        <step title="Collecting changeset information" date="2025-06-09T08:31:28.884" /><!-- duration: 83ms -->
        <step title="Updating submodules" date="2025-06-09T08:31:28.972" /><!-- duration: 1077ms -->
        <step title="Determining deployment builder" date="2025-06-09T08:31:30.210" >
          <step title="Builder is OryxBuilder" date="2025-06-09T08:31:30.228" /><!-- duration: 1ms -->
        </step><!-- duration: 20ms -->
        <step title="PreDeployment: context.CleanOutputPath False" date="2025-06-09T08:31:30.269" >
          <step title="PreDeployment: context.OutputPath /home/site/wwwroot" date="2025-06-09T08:31:30.342" >
            <step title="Building" date="2025-06-09T08:31:30.452" >
              <step title="Executing external process" date="2025-06-09T08:31:30.678" type="process" path="bash" arguments="-c &quot;oryx build /tmp/zipdeploy/extracted -o /home/site/wwwroot --platform python --platform-version 3.11 -p virtualenv_name=antenv --log-file /tmp/build-debug.log  -i /tmp/8dda73008ae09f8 --compress-destination-dir | tee /tmp/oryx-build.log ; exit $PIPESTATUS &quot;" >
                <step title="Cpu: python(9944,32.940s)+ts(9945,0.160s)+build.sh(9943,0.000s)+build.sh(9942,0.000s)+build.sh(9856,0.090s)+oryx(9836,3.800s)+tee(9837,0.000s)+bash(9835,0.010s)=total(37.000s)" date="2025-06-09T08:33:08.453" /><!-- duration: 11ms -->
                <step title="bash: no io activity for 61s, prev-cpu=-1.000s, current-cpu=37.000s" date="2025-06-09T08:33:08.474" /><!-- duration: 2ms -->
              </step><!-- duration: 141116ms -->
              <step title="Using PythonDeploymentLogParser" date="2025-06-09T08:33:52.016" /><!-- duration: 2ms -->
              <step title="Triggering recycle (preview mode disabled)." date="2025-06-09T08:33:52.808" /><!-- duration: 4ms -->
              <step title="Modified file to trigger a restart of the app container." date="2025-06-09T08:33:52.840" /><!-- duration: 1ms -->
              <step title="Skip function trigger and logicapp sync because function is not enabled." date="2025-06-09T08:33:52.843" /><!-- duration: 1ms -->
              <step title="Purge deployment items" date="2025-06-09T08:33:53.704" >
                <step title="Remove 024759bf-, Success, received at 06/08/2025 23:33:03" date="2025-06-09T08:33:53.812" /><!-- duration: 6ms -->
              </step><!-- duration: 117ms -->
            </step><!-- duration: 143418ms -->
          </step><!-- duration: 143531ms -->
          <step title="Cleaning up temp files" date="2025-06-09T08:33:53.874" /><!-- duration: 2004ms -->
          <step title="Cleaning up temp files" date="2025-06-09T08:33:55.880" /><!-- duration: 510ms -->
          <step title="Reloading status file with latest updates" date="2025-06-09T08:33:56.688" >
            <step title="WebHooksManager.PublishEventAsync: PostDeployment" date="2025-06-09T08:33:56.692" /><!-- duration: 57ms -->
          </step><!-- duration: 62ms -->
          <step title="Cleaning up temporary deployment - fetch deployment was successful" date="2025-06-09T08:33:56.755" /><!-- duration: 2ms -->
        </step><!-- duration: 146525ms -->
      </step><!-- duration: 147939ms -->
