<step title="Incoming Request" date="2025-06-08T23:14:20.047" instance="dc7a13" url="/api/zipdeploy?isAsync=true&amp;deployer=GITHUB_ZIP_DEPLOY&amp;message=%7B%22type%22%3A%22deployment%22%2C%22sha%22%3A%2296289038975ee10715354e1e1e231eba6a164b7c%22%2C%22repoName%22%3A%22sbeuran%2Fcastoredc-technical-assignment%22%2C%22actor%22%3A%22sbeuran%22%2C%22slotName%22%3A%22production%22%2C%22commitMessage%22%3A%22fix%3A%20azure%20deployment%20configuration%5Cn%5Cn-%20Added%20virtual%20environment%20setup%20in%20deployment%20package%5Cn-%20Updated%20startup%20script%20to%20use%20venv%5Cn-%20Removed%20invalid%20%27type%27%20parameter%20from%20deploy%20action%5Cn-%20Improved%20error%20handling%20and%20logging%5Cn-%20Fixed%20pip%20and%20gunicorn%20path%20issues%22%7D" method="POST" type="request" pid="769,1,18" Host="fruits-api-app.scm.azurewebsites.net" User-Agent="GITHUBACTIONS_DeployWebAppToAzure_7c029dfbf870a064ce012f6b308985b52fe40d3c984a00ece1c501bd9048455a" Authorization="Bas..." Content-Type="application/octet-stream" Cookie="ARRAffinity=dc7a138dfcb63bce17254cc4321cf14c9178fc6ae4c339b927686049d314ddf6;Path=/;HttpOnly;Secure;Domain=fruits-api-app.scm.azurewebsites.net; ARRAffinitySameSite=dc7a138dfcb63bce17254cc4321cf14c9178fc6ae4c339b927686049d314ddf6;Path=/;HttpOnly;SameSite=None;Secure;Domain=fruits-api-app.scm.azurewebsites.net" Transfer-Encoding="chunked" X-ARR-LOG-ID="9f083452-23cb-4edd-9f71-2adf9e54541b" CLIENT-IP="172.173.147.48:13568" X-SITE-DEPLOYMENT-ID="fruits-api-app" WAS-DEFAULT-HOSTNAME="fruits-api-app.scm.azurewebsites.net" X-Forwarded-Proto="https" X-AppService-Proto="https" X-Forwarded-TlsVersion="1.3" X-WAWS-Unencoded-URL="/api/zipdeploy?isAsync=true&amp;deployer=GITHUB_ZIP_DEPLOY&amp;message=%7B%22type%22%3A%22deployment%22%2C%22sha%22%3A%2296289038975ee10715354e1e1e231eba6a164b7c%22%2C%22repoName%22%3A%22sbeuran%2Fcastoredc-technical-assignment%22%2C%22actor%22%3A%22sbeuran%22%2C%22slotName%22%3A%22production%22%2C%22commitMessage%22%3A%22fix%3A%20azure%20deployment%20configuration%5Cn%5Cn-%20Added%20virtual%20environment%20setup%20in%20deployment%20package%5Cn-%20Updated%20startup%20script%20to%20use%20venv%5Cn-%20Removed%20invalid%20%27type%27%20parameter%20from%20deploy%20action%5Cn-%20Improved%20error%20handling%20and%20logging%5Cn-%20Fixed%20pip%20and%20gunicorn%20path%20issues%22%7D" X-Client-IP="172.173.147.48" X-Client-Port="13568" >
  <step title="Cleanup Xml Logs" date="2025-06-08T23:14:20.053" /><!-- duration: 19ms -->
  <step title="ZipPushDeploy" date="2025-06-08T23:14:20.088" >
    <step title="ZipDeploy. Extract zip. Remote build." date="2025-06-08T23:14:20.103" /><!-- duration: 3ms -->
    <step title="Starting PushDeployAsync" date="2025-06-08T23:14:20.111" /><!-- duration: 3ms -->
    <step title="Writing artifact to /tmp/zipdeploy/8453e016-f6e5-4e91-9019-739af51fc096.zip" date="2025-06-08T23:14:20.134" >
      <step title="Writing multipart request body to /tmp/zipdeploy/8453e016-f6e5-4e91-9019-739af51fc096.zip" date="2025-06-08T23:14:20.137" /><!-- duration: 5ms -->
    </step><!-- duration: 1679ms -->
    <step title="Start deployment in the background" date="2025-06-08T23:14:21.843" >
      <step title="Acquiring Deployment Lock" date="2025-06-08T23:14:21.881" /><!-- duration: 2ms -->
      <step title="Acquired Deployment Lock" date="2025-06-08T23:14:21.904" /><!-- duration: 11ms -->
    </step><!-- duration: 137ms -->
  </step><!-- duration: 1894ms -->
  <step title="Outgoing response" date="2025-06-08T23:14:21.985" type="response" statusCode="202" statusText="Accepted" /><!-- duration: 2ms -->
</step><!-- duration: 1941ms -->
