<step title="Incoming Request" date="2025-06-08T23:30:28.850" instance="dc7a13" url="/api/zipdeploy?isAsync=true&amp;deployer=GITHUB_ZIP_DEPLOY&amp;message=%7B%22type%22%3A%22deployment%22%2C%22sha%22%3A%220eb5d203d10d817c4b2f1a785dad391bea97761c%22%2C%22repoName%22%3A%22sbeuran%2Fcastoredc-technical-assignment%22%2C%22actor%22%3A%22sbeuran%22%2C%22slotName%22%3A%22production%22%2C%22commitMessage%22%3A%22fix%3A%20pip%20installation%20and%20path%20setup%5Cn%5Cn-%20Added%20pip%20installation%20using%20ensurepip%5Cn-%20Using%20python3%20-m%20pip%20for%20package%20installation%5Cn-%20Added%20user%20bin%20directory%20to%20PATH%5Cn-%20Improved%20debug%20logging%22%7D" method="POST" type="request" pid="769,1,20" Host="fruits-api-app.scm.azurewebsites.net" User-Agent="GITHUBACTIONS_DeployWebAppToAzure_7c029dfbf870a064ce012f6b308985b52fe40d3c984a00ece1c501bd9048455a" Authorization="Bas..." Content-Type="application/octet-stream" Cookie="ARRAffinity=dc7a138dfcb63bce17254cc4321cf14c9178fc6ae4c339b927686049d314ddf6;Path=/;HttpOnly;Secure;Domain=fruits-api-app.scm.azurewebsites.net; ARRAffinitySameSite=dc7a138dfcb63bce17254cc4321cf14c9178fc6ae4c339b927686049d314ddf6;Path=/;HttpOnly;SameSite=None;Secure;Domain=fruits-api-app.scm.azurewebsites.net" Transfer-Encoding="chunked" X-ARR-LOG-ID="7975092c-5045-4bca-9a00-73ebe0126000" CLIENT-IP="52.173.30.48:1024" X-SITE-DEPLOYMENT-ID="fruits-api-app" WAS-DEFAULT-HOSTNAME="fruits-api-app.scm.azurewebsites.net" X-Forwarded-Proto="https" X-AppService-Proto="https" X-Forwarded-TlsVersion="1.3" X-WAWS-Unencoded-URL="/api/zipdeploy?isAsync=true&amp;deployer=GITHUB_ZIP_DEPLOY&amp;message=%7B%22type%22%3A%22deployment%22%2C%22sha%22%3A%220eb5d203d10d817c4b2f1a785dad391bea97761c%22%2C%22repoName%22%3A%22sbeuran%2Fcastoredc-technical-assignment%22%2C%22actor%22%3A%22sbeuran%22%2C%22slotName%22%3A%22production%22%2C%22commitMessage%22%3A%22fix%3A%20pip%20installation%20and%20path%20setup%5Cn%5Cn-%20Added%20pip%20installation%20using%20ensurepip%5Cn-%20Using%20python3%20-m%20pip%20for%20package%20installation%5Cn-%20Added%20user%20bin%20directory%20to%20PATH%5Cn-%20Improved%20debug%20logging%22%7D" X-Client-IP="52.173.30.48" X-Client-Port="1024" >
  <step title="ZipPushDeploy" date="2025-06-08T23:30:28.871" >
    <step title="ZipDeploy. Extract zip. Remote build." date="2025-06-08T23:30:28.893" /><!-- duration: 6ms -->
    <step title="Starting PushDeployAsync" date="2025-06-08T23:30:28.903" /><!-- duration: 6ms -->
    <step title="Writing artifact to /tmp/zipdeploy/409742ab-9973-4cbe-9391-3e5321d336b9.zip" date="2025-06-08T23:30:28.929" >
      <step title="Writing multipart request body to /tmp/zipdeploy/409742ab-9973-4cbe-9391-3e5321d336b9.zip" date="2025-06-08T23:30:28.958" /><!-- duration: 2ms -->
    </step><!-- duration: 60ms -->
    <step title="Start deployment in the background" date="2025-06-08T23:30:29.012" >
      <step title="Acquiring Deployment Lock" date="2025-06-08T23:30:29.042" /><!-- duration: 9ms -->
      <step title="Acquired Deployment Lock" date="2025-06-08T23:30:29.082" /><!-- duration: 2ms -->
    </step><!-- duration: 126ms -->
  </step><!-- duration: 269ms -->
  <step title="Outgoing response" date="2025-06-08T23:30:29.142" type="response" statusCode="202" statusText="Accepted" /><!-- duration: 2ms -->
</step><!-- duration: 298ms -->
