<step title="Incoming Request" date="2025-06-08T23:48:35.789" instance="dc7a13" url="/api/deployments/latest?deployer=GITHUB_ZIP_DEPLOY&amp;time=2025-06-08_23-46-10Z" method="GET" type="request" pid="769,1,33" Host="fruits-api-app.scm.azurewebsites.net" User-Agent="GITHUBACTIONS_DeployWebAppToAzure_7c029dfbf870a064ce012f6b308985b52fe40d3c984a00ece1c501bd9048455a" Authorization="Bas..." Content-Type="application/json; charset=utf-8" Cookie="ARRAffinity=dc7a138dfcb63bce17254cc4321cf14c9178fc6ae4c339b927686049d314ddf6;Path=/;HttpOnly;Secure;Domain=fruits-api-app.scm.azurewebsites.net; ARRAffinitySameSite=dc7a138dfcb63bce17254cc4321cf14c9178fc6ae4c339b927686049d314ddf6;Path=/;HttpOnly;SameSite=None;Secure;Domain=fruits-api-app.scm.azurewebsites.net" Content-Length="0" X-ARR-LOG-ID="fa0749e2-d6e5-473b-99d2-c5eb426c708b" CLIENT-IP="20.42.45.90:24642" X-SITE-DEPLOYMENT-ID="fruits-api-app" WAS-DEFAULT-HOSTNAME="fruits-api-app.scm.azurewebsites.net" X-Forwarded-Proto="https" X-AppService-Proto="https" X-Forwarded-TlsVersion="1.3" X-WAWS-Unencoded-URL="/api/deployments/latest?deployer=GITHUB_ZIP_DEPLOY&amp;time=2025-06-08_23-46-10Z" X-Client-IP="20.42.45.90" X-Client-Port="24642" >
  <step title="Cleanup Xml Logs" date="2025-06-08T23:48:35.792" >
    <step title="Cleanup Infos" date="2025-06-08T23:48:35.798" totalFiles="265" totalCleanup="105" /><!-- duration: 2ms -->
  </step><!-- duration: 9ms -->
  <step title="DeploymentService.GetResult" date="2025-06-08T23:48:35.806" >
    <step title="DeploymentService.GetLatestDeployment" date="2025-06-08T23:48:35.807" >
      <step title="DeploymentManager.GetResults" date="2025-06-08T23:48:35.809" /><!-- duration: 175ms -->
      <step title="Deployment temp-c8d78ce1 is Pending" date="2025-06-08T23:48:35.986" /><!-- duration: 4ms -->
    </step><!-- duration: 184ms -->
  </step><!-- duration: 187ms -->
  <step title="Outgoing response" date="2025-06-08T23:48:35.995" type="response" statusCode="202" statusText="Accepted" /><!-- duration: 2ms -->
</step><!-- duration: 209ms -->
