<step title="Incoming Request" date="2025-06-08T15:46:16.632" instance="dc7a13" url="/api/deployments/latest" method="GET" type="request" pid="770,1,31" Accept="*/*" Host="fruits-api-app.scm.azurewebsites.net" User-Agent="AZURECLI/2.74.0 (HOMEBREW)" Accept-Encoding="gzip, deflate" Authorization="Bas..." x-ms-client-request-id="a24641de-447f-11f0-b8c8-aa534ee4a209" X-ARR-LOG-ID="a24641de-447f-11f0-b8c8-aa534ee4a209" CLIENT-IP="89.115.70.77:63902" X-SITE-DEPLOYMENT-ID="fruits-api-app" WAS-DEFAULT-HOSTNAME="fruits-api-app.scm.azurewebsites.net" X-Forwarded-Proto="https" X-AppService-Proto="https" X-Forwarded-TlsVersion="1.3" X-WAWS-Unencoded-URL="/api/deployments/latest" X-Client-IP="89.115.70.77" X-Client-Port="63902" >
  <step title="Cleanup Xml Logs" date="2025-06-08T15:46:16.641" /><!-- duration: 3ms -->
  <step title="DeploymentService.GetResult" date="2025-06-08T15:46:16.650" >
    <step title="DeploymentService.GetLatestDeployment" date="2025-06-08T15:46:16.651" >
      <step title="DeploymentManager.GetResults" date="2025-06-08T15:46:16.653" /><!-- duration: 63ms -->
      <step title="Deployment temp-c9a4abb7 is Pending" date="2025-06-08T15:46:16.719" /><!-- duration: 1ms -->
    </step><!-- duration: 70ms -->
  </step><!-- duration: 73ms -->
  <step title="Outgoing response" date="2025-06-08T15:46:16.727" type="response" statusCode="202" statusText="Accepted" /><!-- duration: 5ms -->
</step><!-- duration: 102ms -->
