<step title="Incoming Request" date="2025-06-09T00:03:37.547" instance="dc7a13" url="/api/zipdeploy?isAsync=true&amp;deployer=GITHUB_ZIP_DEPLOY&amp;message=%7B%22type%22%3A%22deployment%22%2C%22sha%22%3A%225249fb6a56d548283645823d8ce4fd53ac6c49b9%22%2C%22repoName%22%3A%22sbeuran%2Fcastoredc-technical-assignment%22%2C%22actor%22%3A%22sbeuran%22%2C%22slotName%22%3A%22production%22%2C%22commitMessage%22%3A%22fix%3A%20add%20proper%20app%20stop%2Fstart%20handling%20for%20deployment%22%7D" method="POST" type="request" pid="769,1,27" Host="fruits-api-app.scm.azurewebsites.net" User-Agent="GITHUBACTIONS_DeployWebAppToAzure_7c029dfbf870a064ce012f6b308985b52fe40d3c984a00ece1c501bd9048455a" Authorization="Bas..." Content-Type="application/octet-stream" Cookie="ARRAffinity=dc7a138dfcb63bce17254cc4321cf14c9178fc6ae4c339b927686049d314ddf6;Path=/;HttpOnly;Secure;Domain=fruits-api-app.scm.azurewebsites.net; ARRAffinitySameSite=dc7a138dfcb63bce17254cc4321cf14c9178fc6ae4c339b927686049d314ddf6;Path=/;HttpOnly;SameSite=None;Secure;Domain=fruits-api-app.scm.azurewebsites.net" Transfer-Encoding="chunked" X-ARR-LOG-ID="2762b423-2928-402f-8c4c-4e125d400d01" CLIENT-IP="104.209.222.34:1984" X-SITE-DEPLOYMENT-ID="fruits-api-app" WAS-DEFAULT-HOSTNAME="fruits-api-app.scm.azurewebsites.net" X-Forwarded-Proto="https" X-AppService-Proto="https" X-Forwarded-TlsVersion="1.3" X-WAWS-Unencoded-URL="/api/zipdeploy?isAsync=true&amp;deployer=GITHUB_ZIP_DEPLOY&amp;message=%7B%22type%22%3A%22deployment%22%2C%22sha%22%3A%225249fb6a56d548283645823d8ce4fd53ac6c49b9%22%2C%22repoName%22%3A%22sbeuran%2Fcastoredc-technical-assignment%22%2C%22actor%22%3A%22sbeuran%22%2C%22slotName%22%3A%22production%22%2C%22commitMessage%22%3A%22fix%3A%20add%20proper%20app%20stop%2Fstart%20handling%20for%20deployment%22%7D" X-Client-IP="104.209.222.34" X-Client-Port="1984" >
  <step title="ZipPushDeploy" date="2025-06-09T00:03:37.556" >
    <step title="ZipDeploy. Extract zip. Remote build." date="2025-06-09T00:03:37.564" /><!-- duration: 2ms -->
    <step title="Starting PushDeployAsync" date="2025-06-09T00:03:37.570" /><!-- duration: 2ms -->
    <step title="Writing artifact to /tmp/zipdeploy/2b2441cb-0b49-4b5c-9896-d535cf3c6588.zip" date="2025-06-09T00:03:37.585" >
      <step title="Writing multipart request body to /tmp/zipdeploy/2b2441cb-0b49-4b5c-9896-d535cf3c6588.zip" date="2025-06-09T00:03:37.587" /><!-- duration: 6ms -->
    </step><!-- duration: 30ms -->
    <step title="Removing previous build artifact&apos;s manifest file" date="2025-06-09T00:03:37.623" >
      <step title="Start deployment in the background" date="2025-06-09T00:03:37.633" >
        <step title="Acquiring Deployment Lock" date="2025-06-09T00:03:37.645" /><!-- duration: 8ms -->
        <step title="Acquired Deployment Lock" date="2025-06-09T00:03:37.672" /><!-- duration: 1ms -->
      </step><!-- duration: 83ms -->
    </step><!-- duration: 97ms -->
    <step title="Outgoing response" date="2025-06-09T00:03:37.733" type="response" statusCode="202" statusText="Accepted" /><!-- duration: 2ms -->
  </step><!-- duration: 180ms -->
