<step title="Incoming Request" date="2025-06-09T08:31:25.316" instance="dc7a13" url="/api/zipdeploy?isAsync=true&amp;deployer=GITHUB_ZIP_DEPLOY&amp;message=%7B%22type%22%3A%22deployment%22%2C%22sha%22%3A%222cd5c5f3f66072abc2fe6052cfcd576f460a7e1a%22%2C%22repoName%22%3A%22sbeuran%2Fcastoredc-technical-assignment%22%2C%22actor%22%3A%22sbeuran%22%2C%22slotName%22%3A%22production%22%2C%22commitMessage%22%3A%22fix%3A%20update%20application%20configuration%20and%20add%20missing%20endpoints%22%7D" method="POST" type="request" pid="769,1,49" Host="fruits-api-app.scm.azurewebsites.net" User-Agent="GITHUBACTIONS_DeployWebAppToAzure_7c029dfbf870a064ce012f6b308985b52fe40d3c984a00ece1c501bd9048455a" Authorization="Bas..." Content-Type="application/octet-stream" Cookie="ARRAffinity=dc7a138dfcb63bce17254cc4321cf14c9178fc6ae4c339b927686049d314ddf6;Path=/;HttpOnly;Secure;Domain=fruits-api-app.scm.azurewebsites.net; ARRAffinitySameSite=dc7a138dfcb63bce17254cc4321cf14c9178fc6ae4c339b927686049d314ddf6;Path=/;HttpOnly;SameSite=None;Secure;Domain=fruits-api-app.scm.azurewebsites.net" Transfer-Encoding="chunked" X-ARR-LOG-ID="ac9fec14-1992-476c-8bf9-1e1db7ebc2d7" CLIENT-IP="104.42.29.251:1984" X-SITE-DEPLOYMENT-ID="fruits-api-app" WAS-DEFAULT-HOSTNAME="fruits-api-app.scm.azurewebsites.net" X-Forwarded-Proto="https" X-AppService-Proto="https" X-Forwarded-TlsVersion="1.3" X-WAWS-Unencoded-URL="/api/zipdeploy?isAsync=true&amp;deployer=GITHUB_ZIP_DEPLOY&amp;message=%7B%22type%22%3A%22deployment%22%2C%22sha%22%3A%222cd5c5f3f66072abc2fe6052cfcd576f460a7e1a%22%2C%22repoName%22%3A%22sbeuran%2Fcastoredc-technical-assignment%22%2C%22actor%22%3A%22sbeuran%22%2C%22slotName%22%3A%22production%22%2C%22commitMessage%22%3A%22fix%3A%20update%20application%20configuration%20and%20add%20missing%20endpoints%22%7D" X-Client-IP="104.42.29.251" X-Client-Port="1984" >
  <step title="ZipPushDeploy" date="2025-06-09T08:31:25.330" >
    <step title="ZipDeploy. Extract zip. Remote build." date="2025-06-09T08:31:25.333" /><!-- duration: 2ms -->
    <step title="Starting PushDeployAsync" date="2025-06-09T08:31:25.338" /><!-- duration: 1ms -->
    <step title="Writing artifact to /tmp/zipdeploy/c4e533d6-c185-4144-8bf5-f70b0e00e55c.zip" date="2025-06-09T08:31:25.348" >
      <step title="Writing multipart request body to /tmp/zipdeploy/c4e533d6-c185-4144-8bf5-f70b0e00e55c.zip" date="2025-06-09T08:31:25.350" /><!-- duration: 1ms -->
    </step><!-- duration: 21ms -->
    <step title="Removing previous build artifact&apos;s manifest file" date="2025-06-09T08:31:25.378" >
      <step title="Start deployment in the background" date="2025-06-09T08:31:25.388" >
        <step title="Acquiring Deployment Lock" date="2025-06-09T08:31:25.420" /><!-- duration: 30ms -->
        <step title="Acquired Deployment Lock" date="2025-06-09T08:31:25.478" /><!-- duration: 2ms -->
      </step><!-- duration: 162ms -->
    </step><!-- duration: 175ms -->
    <step title="Outgoing response" date="2025-06-09T08:31:25.555" type="response" statusCode="202" statusText="Accepted" /><!-- duration: 1ms -->
  </step><!-- duration: 228ms -->
