<step title="Incoming Request" date="2025-06-08T23:42:31.097" instance="dc7a13" url="/api/deployments/latest?deployer=GITHUB_ZIP_DEPLOY&amp;time=2025-06-08_23-41-33Z" method="GET" type="request" pid="769,1,31" Host="fruits-api-app.scm.azurewebsites.net" User-Agent="GITHUBACTIONS_DeployWebAppToAzure_7c029dfbf870a064ce012f6b308985b52fe40d3c984a00ece1c501bd9048455a" Authorization="Bas..." Content-Type="application/json; charset=utf-8" Cookie="ARRAffinity=dc7a138dfcb63bce17254cc4321cf14c9178fc6ae4c339b927686049d314ddf6;Path=/;HttpOnly;Secure;Domain=fruits-api-app.scm.azurewebsites.net; ARRAffinitySameSite=dc7a138dfcb63bce17254cc4321cf14c9178fc6ae4c339b927686049d314ddf6;Path=/;HttpOnly;SameSite=None;Secure;Domain=fruits-api-app.scm.azurewebsites.net" Content-Length="0" X-ARR-LOG-ID="5cdd7746-7351-42c8-83e5-487c6acf53fe" CLIENT-IP="40.84.21.253:1985" X-SITE-DEPLOYMENT-ID="fruits-api-app" WAS-DEFAULT-HOSTNAME="fruits-api-app.scm.azurewebsites.net" X-Forwarded-Proto="https" X-AppService-Proto="https" X-Forwarded-TlsVersion="1.3" X-WAWS-Unencoded-URL="/api/deployments/latest?deployer=GITHUB_ZIP_DEPLOY&amp;time=2025-06-08_23-41-33Z" X-Client-IP="40.84.21.253" X-Client-Port="1985" >
  <step title="Cleanup Xml Logs" date="2025-06-08T23:42:31.127" >
    <step title="Cleanup Infos" date="2025-06-08T23:42:31.158" totalFiles="221" totalCleanup="61" /><!-- duration: 10ms -->
  </step><!-- duration: 71ms -->
  <step title="DeploymentService.GetResult" date="2025-06-08T23:42:31.278" >
    <step title="DeploymentService.GetLatestDeployment" date="2025-06-08T23:42:31.289" >
      <step title="DeploymentManager.GetResults" date="2025-06-08T23:42:31.341" /><!-- duration: 1054ms -->
      <step title="Deployment 3592492d-9f19-443f-abe7-c5a2d269dea3 is Building" date="2025-06-08T23:42:32.447" /><!-- duration: 29ms -->
    </step><!-- duration: 1188ms -->
  </step><!-- duration: 1269ms -->
  <step title="Outgoing response" date="2025-06-08T23:42:32.567" type="response" statusCode="202" statusText="Accepted" /><!-- duration: 11ms -->
</step><!-- duration: 1560ms -->
