<step title="Incoming Request" date="2025-06-08T16:17:22.954" instance="dc7a13" url="/api/zipdeploy?isAsync=true" method="POST" type="request" pid="774,1,15" Accept="*/*" Host="fruits-api-app.scm.azurewebsites.net" User-Agent="AZURECLI/2.74.0 (HOMEBREW)" Accept-Encoding="gzip, deflate" Authorization="Bas..." Cache-Control="no-cache" Content-Type="application/octet-stream" Cookie="ARRAffinity=dc7a138dfcb63bce17254cc4321cf14c9178fc6ae4c339b927686049d314ddf6; ARRAffinitySameSite=dc7a138dfcb63bce17254cc4321cf14c9178fc6ae4c339b927686049d314ddf6" Content-Length="57167908" x-ms-client-request-id="04118712-4484-11f0-bae8-aa534ee4a209" x-ms-artifact-checksum="53b1b948b0c026f1ad78176ee0035fbc9d6d18039e0331cb0c425da49d25db73" X-ARR-LOG-ID="04118712-4484-11f0-bae8-aa534ee4a209" CLIENT-IP="89.115.70.77:50769" X-SITE-DEPLOYMENT-ID="fruits-api-app" WAS-DEFAULT-HOSTNAME="fruits-api-app.scm.azurewebsites.net" X-Forwarded-Proto="https" X-AppService-Proto="https" X-Forwarded-TlsVersion="1.3" X-WAWS-Unencoded-URL="/api/zipdeploy?isAsync=true" X-Client-IP="89.115.70.77" X-Client-Port="50769" >
  <step title="ZipPushDeploy" date="2025-06-08T16:17:23.942" >
    <step title="ZipDeploy. Extract zip. Remote build." date="2025-06-08T16:17:23.962" /><!-- duration: 10ms -->
    <step title="None repository commit" date="2025-06-08T16:17:24.233" >
      <step title="Commit id: 79a5652d-cad8-4f7b-8274-b1a6b042d00d" date="2025-06-08T16:17:24.243" Message="N/A" AuthorName="N/A" AuthorEmail="N/A" /><!-- duration: 11ms -->
    </step><!-- duration: 30ms -->
    <step title="Starting PushDeployAsync" date="2025-06-08T16:17:24.284" /><!-- duration: 8ms -->
    <step title="Writing artifact to /tmp/zipdeploy/bb483b8f-8156-4b56-be7c-cf9b977e11ac.zip" date="2025-06-08T16:17:24.384" >
      <step title="Writing multipart request body to /tmp/zipdeploy/bb483b8f-8156-4b56-be7c-cf9b977e11ac.zip" date="2025-06-08T16:17:24.403" /><!-- duration: 2ms -->
    </step><!-- duration: 8287ms -->
    <step title="Start deployment in the background" date="2025-06-08T16:17:32.711" >
      <step title="Acquiring Deployment Lock" date="2025-06-08T16:17:32.793" /><!-- duration: 9ms -->
      <step title="Acquired Deployment Lock" date="2025-06-08T16:17:32.873" /><!-- duration: 2ms -->
    </step><!-- duration: 272ms -->
  </step><!-- duration: 9060ms -->
  <step title="Outgoing response" date="2025-06-08T16:17:33.031" type="response" statusCode="202" statusText="Accepted" /><!-- duration: 1ms -->
</step><!-- duration: 10088ms -->
