<step title="Incoming Request" date="2025-06-08T23:58:00.421" instance="dc7a13" url="/api/zipdeploy?isAsync=true&amp;deployer=GITHUB_ZIP_DEPLOY&amp;message=%7B%22type%22%3A%22deployment%22%2C%22sha%22%3A%22cdde7cc3822416b5648a42fb6bbaadd71765561c%22%2C%22repoName%22%3A%22sbeuran%2Fcastoredc-technical-assignment%22%2C%22actor%22%3A%22sbeuran%22%2C%22slotName%22%3A%22production%22%2C%22commitMessage%22%3A%22fix%3A%20update%20startup%20command%20with%20correct%20Python%20path%20and%20logging%22%7D" method="POST" type="request" pid="769,1,19" Host="fruits-api-app.scm.azurewebsites.net" User-Agent="GITHUBACTIONS_DeployWebAppToAzure_7c029dfbf870a064ce012f6b308985b52fe40d3c984a00ece1c501bd9048455a" Authorization="Bas..." Content-Type="application/octet-stream" Cookie="ARRAffinity=dc7a138dfcb63bce17254cc4321cf14c9178fc6ae4c339b927686049d314ddf6;Path=/;HttpOnly;Secure;Domain=fruits-api-app.scm.azurewebsites.net; ARRAffinitySameSite=dc7a138dfcb63bce17254cc4321cf14c9178fc6ae4c339b927686049d314ddf6;Path=/;HttpOnly;SameSite=None;Secure;Domain=fruits-api-app.scm.azurewebsites.net" Transfer-Encoding="chunked" X-ARR-LOG-ID="8468077e-3195-438f-80e4-1462552692d3" CLIENT-IP="13.91.161.90:1984" X-SITE-DEPLOYMENT-ID="fruits-api-app" WAS-DEFAULT-HOSTNAME="fruits-api-app.scm.azurewebsites.net" X-Forwarded-Proto="https" X-AppService-Proto="https" X-Forwarded-TlsVersion="1.3" X-WAWS-Unencoded-URL="/api/zipdeploy?isAsync=true&amp;deployer=GITHUB_ZIP_DEPLOY&amp;message=%7B%22type%22%3A%22deployment%22%2C%22sha%22%3A%22cdde7cc3822416b5648a42fb6bbaadd71765561c%22%2C%22repoName%22%3A%22sbeuran%2Fcastoredc-technical-assignment%22%2C%22actor%22%3A%22sbeuran%22%2C%22slotName%22%3A%22production%22%2C%22commitMessage%22%3A%22fix%3A%20update%20startup%20command%20with%20correct%20Python%20path%20and%20logging%22%7D" X-Client-IP="13.91.161.90" X-Client-Port="1984" >
  <step title="Cleanup Xml Logs" date="2025-06-08T23:58:00.430" >
    <step title="Cleanup Infos" date="2025-06-08T23:58:00.450" totalFiles="299" totalCleanup="139" /><!-- duration: 2ms -->
  </step><!-- duration: 40ms -->
  <step title="ZipPushDeploy" date="2025-06-08T23:58:00.493" >
    <step title="ZipDeploy. Extract zip. Remote build." date="2025-06-08T23:58:00.511" /><!-- duration: 10ms -->
    <step title="Starting PushDeployAsync" date="2025-06-08T23:58:00.531" /><!-- duration: 2ms -->
    <step title="Writing artifact to /tmp/zipdeploy/766e3de1-7f42-495b-82b7-c8ca6bb1a9b2.zip" date="2025-06-08T23:58:00.544" >
      <step title="Writing multipart request body to /tmp/zipdeploy/766e3de1-7f42-495b-82b7-c8ca6bb1a9b2.zip" date="2025-06-08T23:58:00.561" /><!-- duration: 2ms -->
    </step><!-- duration: 39ms -->
    <step title="Start deployment in the background" date="2025-06-08T23:58:00.621" >
      <step title="Acquiring Deployment Lock" date="2025-06-08T23:58:01.398" /><!-- duration: 8ms -->
      <step title="Cannot Acquire Deployment Lock already held" date="2025-06-08T23:58:01.418" /><!-- duration: 10ms -->
    </step><!-- duration: 928ms -->
    <step title="There is a deployment currently in progress. Please try again when it completes." date="2025-06-08T23:58:01.598" /><!-- duration: 2ms -->
  </step><!-- duration: 1134ms -->
  <step title="Outgoing response" date="2025-06-08T23:58:01.630" type="response" statusCode="409" statusText="Conflict" /><!-- duration: 48ms -->
</step><!-- duration: 1277ms -->
