<step title="Incoming Request" date="2025-06-08T23:09:39.208" instance="dc7a13" url="/api/zipdeploy?isAsync=true&amp;deployer=GITHUB_ZIP_DEPLOY&amp;message=%7B%22type%22%3A%22deployment%22%2C%22sha%22%3A%228246e15b7d350895290ebbbba03dff1336d531be%22%2C%22repoName%22%3A%22sbeuran%2Fcastoredc-technical-assignment%22%2C%22actor%22%3A%22sbeuran%22%2C%22slotName%22%3A%22production%22%2C%22commitMessage%22%3A%22fix%3A%20database%20test%20configuration%20and%20data%20initialization%5Cn%5Cn-%20Fixed%20test%20database%20setup%20and%20teardown%5Cn-%20Added%20proper%20fixture%20dependencies%5Cn-%20Modified%20init_data%20to%20respect%20TESTING%20environment%5Cn-%20Fixed%20null%20value%20handling%20in%20API%20responses%5Cn-%20Removed%20duplicate%20test%20configuration%22%7D" method="POST" type="request" pid="769,1,24" Host="fruits-api-app.scm.azurewebsites.net" User-Agent="GITHUBACTIONS_DeployWebAppToAzure_7c029dfbf870a064ce012f6b308985b52fe40d3c984a00ece1c501bd9048455a" Authorization="Bas..." Content-Type="application/octet-stream" Cookie="ARRAffinity=dc7a138dfcb63bce17254cc4321cf14c9178fc6ae4c339b927686049d314ddf6;Path=/;HttpOnly;Secure;Domain=fruits-api-app.scm.azurewebsites.net; ARRAffinitySameSite=dc7a138dfcb63bce17254cc4321cf14c9178fc6ae4c339b927686049d314ddf6;Path=/;HttpOnly;SameSite=None;Secure;Domain=fruits-api-app.scm.azurewebsites.net" Transfer-Encoding="chunked" X-ARR-LOG-ID="c58ee26c-1637-479b-90c9-35aff8825b1f" CLIENT-IP="4.242.224.249:1984" X-SITE-DEPLOYMENT-ID="fruits-api-app" WAS-DEFAULT-HOSTNAME="fruits-api-app.scm.azurewebsites.net" X-Forwarded-Proto="https" X-AppService-Proto="https" X-Forwarded-TlsVersion="1.3" X-WAWS-Unencoded-URL="/api/zipdeploy?isAsync=true&amp;deployer=GITHUB_ZIP_DEPLOY&amp;message=%7B%22type%22%3A%22deployment%22%2C%22sha%22%3A%228246e15b7d350895290ebbbba03dff1336d531be%22%2C%22repoName%22%3A%22sbeuran%2Fcastoredc-technical-assignment%22%2C%22actor%22%3A%22sbeuran%22%2C%22slotName%22%3A%22production%22%2C%22commitMessage%22%3A%22fix%3A%20database%20test%20configuration%20and%20data%20initialization%5Cn%5Cn-%20Fixed%20test%20database%20setup%20and%20teardown%5Cn-%20Added%20proper%20fixture%20dependencies%5Cn-%20Modified%20init_data%20to%20respect%20TESTING%20environment%5Cn-%20Fixed%20null%20value%20handling%20in%20API%20responses%5Cn-%20Removed%20duplicate%20test%20configuration%22%7D" X-Client-IP="4.242.224.249" X-Client-Port="1984" >
  <step title="ZipPushDeploy" date="2025-06-08T23:09:39.259" >
    <step title="ZipDeploy. Extract zip. Remote build." date="2025-06-08T23:09:39.277" /><!-- duration: 2ms -->
    <step title="Starting PushDeployAsync" date="2025-06-08T23:09:39.282" /><!-- duration: 7ms -->
    <step title="Writing artifact to /tmp/zipdeploy/24c57c8e-a11a-4f5a-959d-306034d10365.zip" date="2025-06-08T23:09:39.309" >
      <step title="Writing multipart request body to /tmp/zipdeploy/24c57c8e-a11a-4f5a-959d-306034d10365.zip" date="2025-06-08T23:09:39.327" /><!-- duration: 30ms -->
    </step><!-- duration: 131ms -->
    <step title="Start deployment in the background" date="2025-06-08T23:09:39.481" >
      <step title="Acquiring Deployment Lock" date="2025-06-08T23:09:39.499" /><!-- duration: 2ms -->
      <step title="Acquired Deployment Lock" date="2025-06-08T23:09:39.518" /><!-- duration: 1ms -->
    </step><!-- duration: 98ms -->
  </step><!-- duration: 323ms -->
  <step title="Outgoing response" date="2025-06-08T23:09:39.584" type="response" statusCode="202" statusText="Accepted" /><!-- duration: 2ms -->
</step><!-- duration: 380ms -->
