<step title="Incoming Request" date="2025-06-08T23:24:47.555" instance="dc7a13" url="/api/zipdeploy?isAsync=true&amp;deployer=GITHUB_ZIP_DEPLOY&amp;message=%7B%22type%22%3A%22deployment%22%2C%22sha%22%3A%22e0bda1437a8df24faac8d54718265b08c6523646%22%2C%22repoName%22%3A%22sbeuran%2Fcastoredc-technical-assignment%22%2C%22actor%22%3A%22sbeuran%22%2C%22slotName%22%3A%22production%22%2C%22commitMessage%22%3A%22fix%3A%20virtual%20environment%20setup%20on%20Azure%5Cn%5Cn-%20Moved%20virtual%20environment%20creation%20to%20startup%20script%5Cn-%20Added%20better%20error%20handling%20and%20logging%5Cn-%20Simplified%20deployment%20package%5Cn-%20Fixed%20path%20issues%20with%20virtual%20environment%22%7D" method="POST" type="request" pid="769,1,21" Host="fruits-api-app.scm.azurewebsites.net" User-Agent="GITHUBACTIONS_DeployWebAppToAzure_7c029dfbf870a064ce012f6b308985b52fe40d3c984a00ece1c501bd9048455a" Authorization="Bas..." Content-Type="application/octet-stream" Cookie="ARRAffinity=dc7a138dfcb63bce17254cc4321cf14c9178fc6ae4c339b927686049d314ddf6;Path=/;HttpOnly;Secure;Domain=fruits-api-app.scm.azurewebsites.net; ARRAffinitySameSite=dc7a138dfcb63bce17254cc4321cf14c9178fc6ae4c339b927686049d314ddf6;Path=/;HttpOnly;SameSite=None;Secure;Domain=fruits-api-app.scm.azurewebsites.net" Transfer-Encoding="chunked" X-ARR-LOG-ID="8c482c1f-9d8f-44a6-bfe3-21b0f7b6513a" CLIENT-IP="23.96.189.112:1024" X-SITE-DEPLOYMENT-ID="fruits-api-app" WAS-DEFAULT-HOSTNAME="fruits-api-app.scm.azurewebsites.net" X-Forwarded-Proto="https" X-AppService-Proto="https" X-Forwarded-TlsVersion="1.3" X-WAWS-Unencoded-URL="/api/zipdeploy?isAsync=true&amp;deployer=GITHUB_ZIP_DEPLOY&amp;message=%7B%22type%22%3A%22deployment%22%2C%22sha%22%3A%22e0bda1437a8df24faac8d54718265b08c6523646%22%2C%22repoName%22%3A%22sbeuran%2Fcastoredc-technical-assignment%22%2C%22actor%22%3A%22sbeuran%22%2C%22slotName%22%3A%22production%22%2C%22commitMessage%22%3A%22fix%3A%20virtual%20environment%20setup%20on%20Azure%5Cn%5Cn-%20Moved%20virtual%20environment%20creation%20to%20startup%20script%5Cn-%20Added%20better%20error%20handling%20and%20logging%5Cn-%20Simplified%20deployment%20package%5Cn-%20Fixed%20path%20issues%20with%20virtual%20environment%22%7D" X-Client-IP="23.96.189.112" X-Client-Port="1024" >
  <step title="ZipPushDeploy" date="2025-06-08T23:24:47.565" >
    <step title="ZipDeploy. Extract zip. Remote build." date="2025-06-08T23:24:47.569" /><!-- duration: 3ms -->
    <step title="Starting PushDeployAsync" date="2025-06-08T23:24:47.575" /><!-- duration: 2ms -->
    <step title="Writing artifact to /tmp/zipdeploy/fd8b06f7-fe05-45b0-bebe-d7d6b6475ca4.zip" date="2025-06-08T23:24:47.591" >
      <step title="Writing multipart request body to /tmp/zipdeploy/fd8b06f7-fe05-45b0-bebe-d7d6b6475ca4.zip" date="2025-06-08T23:24:47.593" /><!-- duration: 2ms -->
    </step><!-- duration: 31ms -->
    <step title="Start deployment in the background" date="2025-06-08T23:24:47.642" >
      <step title="Acquiring Deployment Lock" date="2025-06-08T23:24:47.654" /><!-- duration: 9ms -->
      <step title="Acquired Deployment Lock" date="2025-06-08T23:24:47.690" /><!-- duration: 3ms -->
    </step><!-- duration: 109ms -->
  </step><!-- duration: 189ms -->
  <step title="Outgoing response" date="2025-06-08T23:24:47.757" type="response" statusCode="202" statusText="Accepted" /><!-- duration: 7ms -->
</step><!-- duration: 212ms -->
