<step title="Incoming Request" date="2025-06-08T23:47:12.028" instance="dc7a13" url="/api/deployments/latest?deployer=GITHUB_ZIP_DEPLOY&amp;time=2025-06-08_23-46-10Z" method="GET" type="request" pid="769,1,23" Host="fruits-api-app.scm.azurewebsites.net" User-Agent="GITHUBACTIONS_DeployWebAppToAzure_7c029dfbf870a064ce012f6b308985b52fe40d3c984a00ece1c501bd9048455a" Authorization="Bas..." Content-Type="application/json; charset=utf-8" Cookie="ARRAffinity=dc7a138dfcb63bce17254cc4321cf14c9178fc6ae4c339b927686049d314ddf6;Path=/;HttpOnly;Secure;Domain=fruits-api-app.scm.azurewebsites.net; ARRAffinitySameSite=dc7a138dfcb63bce17254cc4321cf14c9178fc6ae4c339b927686049d314ddf6;Path=/;HttpOnly;SameSite=None;Secure;Domain=fruits-api-app.scm.azurewebsites.net" Content-Length="0" X-ARR-LOG-ID="acdf4610-a95d-42ca-9e4d-28b9baa6bc1f" CLIENT-IP="20.42.45.90:24640" X-SITE-DEPLOYMENT-ID="fruits-api-app" WAS-DEFAULT-HOSTNAME="fruits-api-app.scm.azurewebsites.net" X-Forwarded-Proto="https" X-AppService-Proto="https" X-Forwarded-TlsVersion="1.3" X-WAWS-Unencoded-URL="/api/deployments/latest?deployer=GITHUB_ZIP_DEPLOY&amp;time=2025-06-08_23-46-10Z" X-Client-IP="20.42.45.90" X-Client-Port="24640" >
  <step title="Cleanup Xml Logs" date="2025-06-08T23:47:12.030" >
    <step title="Cleanup Infos" date="2025-06-08T23:47:12.067" totalFiles="252" totalCleanup="92" /><!-- duration: 2ms -->
  </step><!-- duration: 70ms -->
  <step title="DeploymentService.GetResult" date="2025-06-08T23:47:12.127" >
    <step title="DeploymentService.GetLatestDeployment" date="2025-06-08T23:47:12.129" >
      <step title="DeploymentManager.GetResults" date="2025-06-08T23:47:12.150" /><!-- duration: 571ms -->
      <step title="Deployment 1c02c0ee-81d5-4c82-9e80-576be73a4239 is Building" date="2025-06-08T23:47:12.750" /><!-- duration: 2ms -->
    </step><!-- duration: 631ms -->
  </step><!-- duration: 653ms -->
  <step title="Outgoing response" date="2025-06-08T23:47:12.821" type="response" statusCode="202" statusText="Accepted" /><!-- duration: 8ms -->
</step><!-- duration: 803ms -->
