<step title="Incoming Request" date="2025-06-09T09:06:57.753" instance="dc7a13" url="/api/zipdeploy?isAsync=true&amp;deployer=GITHUB_ZIP_DEPLOY&amp;message=%7B%22type%22%3A%22deployment%22%2C%22sha%22%3A%22732a2db0c7920ecb3c8e8e12b6789192f03abc57%22%2C%22repoName%22%3A%22sbeuran%2Fcastoredc-technical-assignment%22%2C%22actor%22%3A%22sbeuran%22%2C%22slotName%22%3A%22production%22%2C%22commitMessage%22%3A%22fix%3A%20use%20web.config%20instead%20of%20startup%20command%22%7D" method="POST" type="request" pid="771,1,7" Host="fruits-api-app.scm.azurewebsites.net" User-Agent="GITHUBACTIONS_DeployWebAppToAzure_7c029dfbf870a064ce012f6b308985b52fe40d3c984a00ece1c501bd9048455a" Authorization="Bas..." Content-Type="application/octet-stream" Cookie="ARRAffinity=dc7a138dfcb63bce17254cc4321cf14c9178fc6ae4c339b927686049d314ddf6;Path=/;HttpOnly;Secure;Domain=fruits-api-app.scm.azurewebsites.net; ARRAffinitySameSite=dc7a138dfcb63bce17254cc4321cf14c9178fc6ae4c339b927686049d314ddf6;Path=/;HttpOnly;SameSite=None;Secure;Domain=fruits-api-app.scm.azurewebsites.net" Transfer-Encoding="chunked" X-ARR-LOG-ID="682a8251-8612-4899-ba34-5980d66ead08" CLIENT-IP="172.190.48.201:20672" X-SITE-DEPLOYMENT-ID="fruits-api-app" WAS-DEFAULT-HOSTNAME="fruits-api-app.scm.azurewebsites.net" X-Forwarded-Proto="https" X-AppService-Proto="https" X-Forwarded-TlsVersion="1.3" X-WAWS-Unencoded-URL="/api/zipdeploy?isAsync=true&amp;deployer=GITHUB_ZIP_DEPLOY&amp;message=%7B%22type%22%3A%22deployment%22%2C%22sha%22%3A%22732a2db0c7920ecb3c8e8e12b6789192f03abc57%22%2C%22repoName%22%3A%22sbeuran%2Fcastoredc-technical-assignment%22%2C%22actor%22%3A%22sbeuran%22%2C%22slotName%22%3A%22production%22%2C%22commitMessage%22%3A%22fix%3A%20use%20web.config%20instead%20of%20startup%20command%22%7D" X-Client-IP="172.190.48.201" X-Client-Port="20672" >
  <step title="Cleanup Xml Logs" date="2025-06-09T09:06:57.773" >
    <step title="Cleanup Infos" date="2025-06-09T09:06:57.942" totalFiles="470" totalCleanup="310" /><!-- duration: 31ms -->
  </step><!-- duration: 209ms -->
  <step title="ZipPushDeploy" date="2025-06-09T09:06:58.974" >
    <step title="ZipDeploy. Run from package. Ignore remote build." date="2025-06-09T09:06:59.017" /><!-- duration: 2ms -->
    <step title="None repository commit" date="2025-06-09T09:06:59.135" >
      <step title="Commit id: 855430a9-98c7-4aef-bdcc-f3ecffc629b7" date="2025-06-09T09:06:59.144" Message="N/A" AuthorName="N/A" AuthorEmail="N/A" /><!-- duration: 9ms -->
    </step><!-- duration: 20ms -->
    <step title="Starting PushDeployAsync" date="2025-06-09T09:06:59.164" /><!-- duration: 9ms -->
    <step title="WEBSITE_RUN_FROM_PACKAGE is set to 1. Writing zip to SitePackagesPath" date="2025-06-09T09:06:59.313" /><!-- duration: 3ms -->
    <step title="Copying zip to SitePackages /home/data/SitePackages/20250609090659.zip from request body" date="2025-06-09T09:06:59.386" /><!-- duration: 19ms -->
    <step title="Writing multipart request body to /home/data/SitePackages/20250609090659.zip" date="2025-06-09T09:06:59.605" /><!-- duration: 10ms -->
    <step title="Start deployment in the background" date="2025-06-09T09:07:01.934" >
      <step title="Acquiring Deployment Lock" date="2025-06-09T09:07:02.187" /><!-- duration: 40ms -->
      <step title="Acquired Deployment Lock" date="2025-06-09T09:07:02.608" /><!-- duration: 2ms -->
    </step><!-- duration: 996ms -->
  </step><!-- duration: 4038ms -->
  <step title="Outgoing response" date="2025-06-09T09:07:03.283" type="response" statusCode="202" statusText="Accepted" /><!-- duration: 10ms -->
</step><!-- duration: 5558ms -->
