<step title="BackgroundTrace" date="2025-06-08T23:32:59.444" instance="dc7a13" url="/api/zipdeploy" method="POST" >
  <step title="Creating temporary deployment - FetchDeploymentManager" date="2025-06-08T23:32:59.598" /><!-- duration: 1ms -->
  <step title="Creating temporary deployment" date="2025-06-08T23:32:59.605" /><!-- duration: 54ms -->
  <step title="Performing fetch based deployment" date="2025-06-08T23:32:59.697" >
    <step title="Cleaning up temp folders from previous zip deployments and extracting pushed zip file /tmp/zipdeploy/92418812-5395-41be-8e0e-21dc7ca790f4.zip (0.02 MB) to /tmp/zipdeploy/extracted" date="2025-06-08T23:33:00.816" >
      <step title="ChmodRecursive Process exited with total time taken in ms: 80" date="2025-06-08T23:33:00.928" /><!-- duration: 2ms -->
    </step><!-- duration: 122ms -->
    <step title="Deployment timer started" date="2025-06-08T23:33:02.958" >
      <step title="DeploymentManager.Deploy(id:024759bf-b4a0-4199-8dec-8fdafd4c4ef2)" date="2025-06-08T23:33:02.973" >
        <step title="Collecting changeset information" date="2025-06-08T23:33:02.986" /><!-- duration: 92ms -->
        <step title="Updating submodules" date="2025-06-08T23:33:03.081" /><!-- duration: 1094ms -->
        <step title="Determining deployment builder" date="2025-06-08T23:33:04.325" >
          <step title="Builder is OryxBuilder" date="2025-06-08T23:33:04.346" /><!-- duration: 2ms -->
        </step><!-- duration: 25ms -->
        <step title="PreDeployment: context.CleanOutputPath False" date="2025-06-08T23:33:04.375" >
          <step title="PreDeployment: context.OutputPath /home/site/wwwroot" date="2025-06-08T23:33:04.465" >
            <step title="Building" date="2025-06-08T23:33:04.537" >
              <step title="Executing external process" date="2025-06-08T23:33:04.789" type="process" path="bash" arguments="-c &quot;oryx build /tmp/zipdeploy/extracted -o /home/site/wwwroot --platform python --platform-version 3.11 -p virtualenv_name=antenv --log-file /tmp/build-debug.log  -i /tmp/8dda6e4d0df487f --compress-destination-dir | tee /tmp/oryx-build.log ; exit $PIPESTATUS &quot;" /><!-- duration: 140316ms -->
              <step title="Using PythonDeploymentLogParser" date="2025-06-08T23:35:25.462" /><!-- duration: 7ms -->
              <step title="Triggering recycle (preview mode disabled)." date="2025-06-08T23:35:26.518" /><!-- duration: 7ms -->
              <step title="Modified file to trigger a restart of the app container." date="2025-06-08T23:35:26.582" /><!-- duration: 3ms -->
              <step title="Skip function trigger and logicapp sync because function is not enabled." date="2025-06-08T23:35:26.625" /><!-- duration: 1ms -->
              <step title="Purge deployment items" date="2025-06-08T23:35:27.283" >
                <step title="Remove a4b5f792-, Failed, received at 06/08/2025 23:30:32" date="2025-06-08T23:35:27.321" /><!-- duration: 3ms -->
              </step><!-- duration: 44ms -->
            </step><!-- duration: 142847ms -->
          </step><!-- duration: 142922ms -->
          <step title="Cleaning up temp files" date="2025-06-08T23:35:27.390" /><!-- duration: 2052ms -->
          <step title="Cleaning up temp files" date="2025-06-08T23:35:29.450" /><!-- duration: 520ms -->
          <step title="Reloading status file with latest updates" date="2025-06-08T23:35:29.997" >
            <step title="WebHooksManager.PublishEventAsync: PostDeployment" date="2025-06-08T23:35:30.006" /><!-- duration: 45ms -->
          </step><!-- duration: 55ms -->
          <step title="Cleaning up temporary deployment - fetch deployment was successful" date="2025-06-08T23:35:30.056" /><!-- duration: 2ms -->
        </step><!-- duration: 145717ms -->
      </step><!-- duration: 147130ms -->
