<step title="Incoming Request" date="2025-06-09T00:04:26.485" instance="dc7a13" url="/api/deployments/latest?deployer=GITHUB_ZIP_DEPLOY&amp;time=2025-06-09_00-03-37Z" method="GET" type="request" pid="769,1,35" Host="fruits-api-app.scm.azurewebsites.net" User-Agent="GITHUBACTIONS_DeployWebAppToAzure_7c029dfbf870a064ce012f6b308985b52fe40d3c984a00ece1c501bd9048455a" Authorization="Bas..." Content-Type="application/json; charset=utf-8" Cookie="ARRAffinity=dc7a138dfcb63bce17254cc4321cf14c9178fc6ae4c339b927686049d314ddf6;Path=/;HttpOnly;Secure;Domain=fruits-api-app.scm.azurewebsites.net; ARRAffinitySameSite=dc7a138dfcb63bce17254cc4321cf14c9178fc6ae4c339b927686049d314ddf6;Path=/;HttpOnly;SameSite=None;Secure;Domain=fruits-api-app.scm.azurewebsites.net" Content-Length="0" X-ARR-LOG-ID="ff6b57f1-4984-456a-b400-043b635dd8ab" CLIENT-IP="104.209.222.34:1984" X-SITE-DEPLOYMENT-ID="fruits-api-app" WAS-DEFAULT-HOSTNAME="fruits-api-app.scm.azurewebsites.net" X-Forwarded-Proto="https" X-AppService-Proto="https" X-Forwarded-TlsVersion="1.3" X-WAWS-Unencoded-URL="/api/deployments/latest?deployer=GITHUB_ZIP_DEPLOY&amp;time=2025-06-09_00-03-37Z" X-Client-IP="104.209.222.34" X-Client-Port="1984" >
  <step title="Cleanup Xml Logs" date="2025-06-09T00:04:26.487" >
    <step title="Cleanup Infos" date="2025-06-09T00:04:26.538" totalFiles="336" totalCleanup="176" /><!-- duration: 20ms -->
  </step><!-- duration: 91ms -->
  <step title="DeploymentService.GetResult" date="2025-06-09T00:04:26.596" >
    <step title="DeploymentService.GetLatestDeployment" date="2025-06-09T00:04:26.598" >
      <step title="DeploymentManager.GetResults" date="2025-06-09T00:04:26.607" /><!-- duration: 393ms -->
      <step title="Deployment 5e3b03e0-c469-4cb8-a906-f5e266aa1983 is Building" date="2025-06-09T00:04:27.008" /><!-- duration: 10ms -->
    </step><!-- duration: 422ms -->
  </step><!-- duration: 431ms -->
  <step title="Outgoing response" date="2025-06-09T00:04:27.048" type="response" statusCode="202" statusText="Accepted" /><!-- duration: 2ms -->
</step><!-- duration: 566ms -->
