<step title="Incoming Request" date="2025-06-08T23:55:38.645" instance="dc7a13" url="/api/deployments/latest?deployer=GITHUB_ZIP_DEPLOY&amp;time=2025-06-08_23-53-41Z" method="GET" type="request" pid="769,1,21" Host="fruits-api-app.scm.azurewebsites.net" User-Agent="GITHUBACTIONS_DeployWebAppToAzure_7c029dfbf870a064ce012f6b308985b52fe40d3c984a00ece1c501bd9048455a" Authorization="Bas..." Content-Type="application/json; charset=utf-8" Cookie="ARRAffinity=dc7a138dfcb63bce17254cc4321cf14c9178fc6ae4c339b927686049d314ddf6;Path=/;HttpOnly;Secure;Domain=fruits-api-app.scm.azurewebsites.net; ARRAffinitySameSite=dc7a138dfcb63bce17254cc4321cf14c9178fc6ae4c339b927686049d314ddf6;Path=/;HttpOnly;SameSite=None;Secure;Domain=fruits-api-app.scm.azurewebsites.net" Content-Length="0" X-ARR-LOG-ID="bc747922-1504-4003-a9eb-763bfb167ec1" CLIENT-IP="13.83.11.136:1024" X-SITE-DEPLOYMENT-ID="fruits-api-app" WAS-DEFAULT-HOSTNAME="fruits-api-app.scm.azurewebsites.net" X-Forwarded-Proto="https" X-AppService-Proto="https" X-Forwarded-TlsVersion="1.3" X-WAWS-Unencoded-URL="/api/deployments/latest?deployer=GITHUB_ZIP_DEPLOY&amp;time=2025-06-08_23-53-41Z" X-Client-IP="13.83.11.136" X-Client-Port="1024" >
  <step title="Cleanup Xml Logs" date="2025-06-08T23:55:38.647" >
    <step title="Cleanup Infos" date="2025-06-08T23:55:38.653" totalFiles="288" totalCleanup="128" /><!-- duration: 1ms -->
  </step><!-- duration: 9ms -->
  <step title="DeploymentService.GetResult" date="2025-06-08T23:55:38.662" >
    <step title="DeploymentService.GetLatestDeployment" date="2025-06-08T23:55:38.664" >
      <step title="DeploymentManager.GetResults" date="2025-06-08T23:55:38.669" /><!-- duration: 293ms -->
      <step title="Deployment temp-0f85d32f is Pending" date="2025-06-08T23:55:38.971" /><!-- duration: 10ms -->
    </step><!-- duration: 320ms -->
  </step><!-- duration: 331ms -->
  <step title="Outgoing response" date="2025-06-08T23:55:39.014" type="response" statusCode="202" statusText="Accepted" /><!-- duration: 2ms -->
</step><!-- duration: 378ms -->
