<step title="Incoming Request" date="2025-06-09T08:10:30.738" instance="dc7a13" url="/api/zipdeploy?isAsync=true&amp;deployer=GITHUB_ZIP_DEPLOY&amp;message=%7B%22type%22%3A%22deployment%22%2C%22sha%22%3A%226107a8127cca9f21a42c3902a1f26c9eabd2f38e%22%2C%22repoName%22%3A%22sbeuran%2Fcastoredc-technical-assignment%22%2C%22actor%22%3A%22sbeuran%22%2C%22slotName%22%3A%22production%22%2C%22commitMessage%22%3A%22fix%3A%20add%20working%20directory%20to%20gunicorn%20command%22%7D" method="POST" type="request" pid="769,1,55" Host="fruits-api-app.scm.azurewebsites.net" User-Agent="GITHUBACTIONS_DeployWebAppToAzure_7c029dfbf870a064ce012f6b308985b52fe40d3c984a00ece1c501bd9048455a" Authorization="Bas..." Content-Type="application/octet-stream" Cookie="ARRAffinity=dc7a138dfcb63bce17254cc4321cf14c9178fc6ae4c339b927686049d314ddf6;Path=/;HttpOnly;Secure;Domain=fruits-api-app.scm.azurewebsites.net; ARRAffinitySameSite=dc7a138dfcb63bce17254cc4321cf14c9178fc6ae4c339b927686049d314ddf6;Path=/;HttpOnly;SameSite=None;Secure;Domain=fruits-api-app.scm.azurewebsites.net" Transfer-Encoding="chunked" X-ARR-LOG-ID="f099192f-49fd-439e-b4d9-d7c76059010e" CLIENT-IP="68.154.17.16:1984" X-SITE-DEPLOYMENT-ID="fruits-api-app" WAS-DEFAULT-HOSTNAME="fruits-api-app.scm.azurewebsites.net" X-Forwarded-Proto="https" X-AppService-Proto="https" X-Forwarded-TlsVersion="1.3" X-WAWS-Unencoded-URL="/api/zipdeploy?isAsync=true&amp;deployer=GITHUB_ZIP_DEPLOY&amp;message=%7B%22type%22%3A%22deployment%22%2C%22sha%22%3A%226107a8127cca9f21a42c3902a1f26c9eabd2f38e%22%2C%22repoName%22%3A%22sbeuran%2Fcastoredc-technical-assignment%22%2C%22actor%22%3A%22sbeuran%22%2C%22slotName%22%3A%22production%22%2C%22commitMessage%22%3A%22fix%3A%20add%20working%20directory%20to%20gunicorn%20command%22%7D" X-Client-IP="68.154.17.16" X-Client-Port="1984" >
  <step title="ZipPushDeploy" date="2025-06-09T08:10:30.756" >
    <step title="ZipDeploy. Extract zip. Remote build." date="2025-06-09T08:10:30.769" /><!-- duration: 4ms -->
    <step title="Starting PushDeployAsync" date="2025-06-09T08:10:30.779" /><!-- duration: 4ms -->
    <step title="Writing artifact to /tmp/zipdeploy/6a63b9f8-b77e-4e7c-a8a0-33f796200c77.zip" date="2025-06-09T08:10:30.800" >
      <step title="Writing multipart request body to /tmp/zipdeploy/6a63b9f8-b77e-4e7c-a8a0-33f796200c77.zip" date="2025-06-09T08:10:30.823" /><!-- duration: 5ms -->
    </step><!-- duration: 55ms -->
    <step title="Removing previous build artifact&apos;s manifest file" date="2025-06-09T08:10:30.865" >
      <step title="Start deployment in the background" date="2025-06-09T08:10:30.907" >
        <step title="Acquiring Deployment Lock" date="2025-06-09T08:10:30.936" /><!-- duration: 9ms -->
        <step title="Acquired Deployment Lock" date="2025-06-09T08:10:30.987" /><!-- duration: 40ms -->
      </step><!-- duration: 280ms -->
    </step><!-- duration: 351ms -->
    <step title="Outgoing response" date="2025-06-09T08:10:31.226" type="response" statusCode="202" statusText="Accepted" /><!-- duration: 2ms -->
  </step><!-- duration: 493ms -->
