<step title="BackgroundTrace" date="2025-06-08T23:38:01.588" instance="dc7a13" url="/api/zipdeploy" method="POST" >
  <step title="Creating temporary deployment - FetchDeploymentManager" date="2025-06-08T23:38:01.700" /><!-- duration: 19ms -->
  <step title="Creating temporary deployment" date="2025-06-08T23:38:01.728" /><!-- duration: 68ms -->
  <step title="Performing fetch based deployment" date="2025-06-08T23:38:01.838" >
    <step title="Cleaning up temp folders from previous zip deployments and extracting pushed zip file /tmp/zipdeploy/6ec9f170-1de6-4d96-8c96-ac1be41bcca6.zip (0.02 MB) to /tmp/zipdeploy/extracted" date="2025-06-08T23:38:03.243" >
      <step title="ChmodRecursive Process exited with total time taken in ms: 152" date="2025-06-08T23:38:03.508" /><!-- duration: 9ms -->
    </step><!-- duration: 293ms -->
    <step title="Deployment timer started" date="2025-06-08T23:38:05.558" >
      <step title="DeploymentManager.Deploy(id:a2a013ff-1322-49fe-9551-530f0f6079a0)" date="2025-06-08T23:38:05.567" >
        <step title="Collecting changeset information" date="2025-06-08T23:38:05.589" /><!-- duration: 80ms -->
        <step title="Updating submodules" date="2025-06-08T23:38:05.672" /><!-- duration: 1067ms -->
        <step title="Determining deployment builder" date="2025-06-08T23:38:06.885" >
          <step title="Builder is OryxBuilder" date="2025-06-08T23:38:06.899" /><!-- duration: 8ms -->
        </step><!-- duration: 24ms -->
        <step title="PreDeployment: context.CleanOutputPath False" date="2025-06-08T23:38:06.939" >
          <step title="PreDeployment: context.OutputPath /home/site/wwwroot" date="2025-06-08T23:38:06.998" >
            <step title="Building" date="2025-06-08T23:38:07.092" >
              <step title="Executing external process" date="2025-06-08T23:38:07.493" type="process" path="bash" arguments="-c &quot;oryx build /tmp/zipdeploy/extracted -o /home/site/wwwroot --platform python --platform-version 3.11 -p virtualenv_name=antenv --log-file /tmp/build-debug.log  -i /tmp/8dda6e5853603e4 --compress-destination-dir | tee /tmp/oryx-build.log ; exit $PIPESTATUS &quot;" /><!-- duration: 105340ms -->
              <step title="Using PythonDeploymentLogParser" date="2025-06-08T23:39:53.110" /><!-- duration: 2ms -->
              <step title="Triggering recycle (preview mode disabled)." date="2025-06-08T23:39:54.143" /><!-- duration: 7ms -->
              <step title="Modified file to trigger a restart of the app container." date="2025-06-08T23:39:54.179" /><!-- duration: 2ms -->
              <step title="Skip function trigger and logicapp sync because function is not enabled." date="2025-06-08T23:39:54.192" /><!-- duration: 8ms -->
            </step><!-- duration: 107690ms -->
          </step><!-- duration: 107786ms -->
          <step title="Cleaning up temp files" date="2025-06-08T23:39:54.786" /><!-- duration: 2246ms -->
          <step title="Cleaning up temp files" date="2025-06-08T23:39:57.035" /><!-- duration: 513ms -->
          <step title="Reloading status file with latest updates" date="2025-06-08T23:39:57.581" >
            <step title="WebHooksManager.PublishEventAsync: PostDeployment" date="2025-06-08T23:39:57.591" /><!-- duration: 61ms -->
          </step><!-- duration: 72ms -->
          <step title="Cleaning up temporary deployment - fetch deployment was successful" date="2025-06-08T23:39:57.660" /><!-- duration: 1ms -->
        </step><!-- duration: 110762ms -->
      </step><!-- duration: 112165ms -->
