<step title="Incoming Request" date="2025-06-09T08:21:18.702" instance="dc7a13" url="/api/zipdeploy?isAsync=true&amp;deployer=GITHUB_ZIP_DEPLOY&amp;message=%7B%22type%22%3A%22deployment%22%2C%22sha%22%3A%224ce39d25640b0edf62e8081bf851da1972623330%22%2C%22repoName%22%3A%22sbeuran%2Fcastoredc-technical-assignment%22%2C%22actor%22%3A%22sbeuran%22%2C%22slotName%22%3A%22production%22%2C%22commitMessage%22%3A%22fix%3A%20update%20Azure%20deployment%20configuration%20and%20FastAPI%20setup%22%7D" method="POST" type="request" pid="769,1,53" Host="fruits-api-app.scm.azurewebsites.net" User-Agent="GITHUBACTIONS_DeployWebAppToAzure_7c029dfbf870a064ce012f6b308985b52fe40d3c984a00ece1c501bd9048455a" Authorization="Bas..." Content-Type="application/octet-stream" Cookie="ARRAffinity=dc7a138dfcb63bce17254cc4321cf14c9178fc6ae4c339b927686049d314ddf6;Path=/;HttpOnly;Secure;Domain=fruits-api-app.scm.azurewebsites.net; ARRAffinitySameSite=dc7a138dfcb63bce17254cc4321cf14c9178fc6ae4c339b927686049d314ddf6;Path=/;HttpOnly;SameSite=None;Secure;Domain=fruits-api-app.scm.azurewebsites.net" Transfer-Encoding="chunked" X-ARR-LOG-ID="7d12bbc0-8f75-47c6-8515-36bd2f03de78" CLIENT-IP="20.161.15.97:1984" X-SITE-DEPLOYMENT-ID="fruits-api-app" WAS-DEFAULT-HOSTNAME="fruits-api-app.scm.azurewebsites.net" X-Forwarded-Proto="https" X-AppService-Proto="https" X-Forwarded-TlsVersion="1.3" X-WAWS-Unencoded-URL="/api/zipdeploy?isAsync=true&amp;deployer=GITHUB_ZIP_DEPLOY&amp;message=%7B%22type%22%3A%22deployment%22%2C%22sha%22%3A%224ce39d25640b0edf62e8081bf851da1972623330%22%2C%22repoName%22%3A%22sbeuran%2Fcastoredc-technical-assignment%22%2C%22actor%22%3A%22sbeuran%22%2C%22slotName%22%3A%22production%22%2C%22commitMessage%22%3A%22fix%3A%20update%20Azure%20deployment%20configuration%20and%20FastAPI%20setup%22%7D" X-Client-IP="20.161.15.97" X-Client-Port="1984" >
  <step title="ZipPushDeploy" date="2025-06-09T08:21:18.743" >
    <step title="ZipDeploy. Extract zip. Remote build." date="2025-06-09T08:21:18.751" /><!-- duration: 2ms -->
    <step title="Starting PushDeployAsync" date="2025-06-09T08:21:18.756" /><!-- duration: 1ms -->
    <step title="Writing artifact to /tmp/zipdeploy/4192de02-9a91-44ba-9bad-497b5209bef2.zip" date="2025-06-09T08:21:18.771" >
      <step title="Writing multipart request body to /tmp/zipdeploy/4192de02-9a91-44ba-9bad-497b5209bef2.zip" date="2025-06-09T08:21:18.773" /><!-- duration: 7ms -->
    </step><!-- duration: 34ms -->
    <step title="Removing previous build artifact&apos;s manifest file" date="2025-06-09T08:21:18.807" >
      <step title="Start deployment in the background" date="2025-06-09T08:21:18.820" >
        <step title="Acquiring Deployment Lock" date="2025-06-09T08:21:18.833" /><!-- duration: 3ms -->
        <step title="Acquired Deployment Lock" date="2025-06-09T08:21:18.854" /><!-- duration: 2ms -->
      </step><!-- duration: 95ms -->
    </step><!-- duration: 111ms -->
    <step title="Outgoing response" date="2025-06-09T08:21:18.921" type="response" statusCode="202" statusText="Accepted" /><!-- duration: 4ms -->
  </step><!-- duration: 184ms -->
