<step title="Incoming Request" date="2025-06-09T08:03:46.366" instance="dc7a13" url="/api/deployments/latest?deployer=GITHUB_ZIP_DEPLOY&amp;time=2025-06-09_08-01-03Z" method="GET" type="request" pid="769,1,61" Host="fruits-api-app.scm.azurewebsites.net" User-Agent="GITHUBACTIONS_DeployWebAppToAzure_7c029dfbf870a064ce012f6b308985b52fe40d3c984a00ece1c501bd9048455a" Authorization="Bas..." Content-Type="application/json; charset=utf-8" Cookie="ARRAffinity=dc7a138dfcb63bce17254cc4321cf14c9178fc6ae4c339b927686049d314ddf6;Path=/;HttpOnly;Secure;Domain=fruits-api-app.scm.azurewebsites.net; ARRAffinitySameSite=dc7a138dfcb63bce17254cc4321cf14c9178fc6ae4c339b927686049d314ddf6;Path=/;HttpOnly;SameSite=None;Secure;Domain=fruits-api-app.scm.azurewebsites.net" Content-Length="0" X-ARR-LOG-ID="59717292-4272-46de-8ee6-ce998c731b05" CLIENT-IP="13.67.176.49:1984" X-SITE-DEPLOYMENT-ID="fruits-api-app" WAS-DEFAULT-HOSTNAME="fruits-api-app.scm.azurewebsites.net" X-Forwarded-Proto="https" X-AppService-Proto="https" X-Forwarded-TlsVersion="1.3" X-WAWS-Unencoded-URL="/api/deployments/latest?deployer=GITHUB_ZIP_DEPLOY&amp;time=2025-06-09_08-01-03Z" X-Client-IP="13.67.176.49" X-Client-Port="1984" >
  <step title="Cleanup Xml Logs" date="2025-06-09T08:03:46.378" >
    <step title="Cleanup Infos" date="2025-06-09T08:03:46.386" totalFiles="380" totalCleanup="220" /><!-- duration: 2ms -->
  </step><!-- duration: 12ms -->
  <step title="DeploymentService.GetResult" date="2025-06-09T08:03:46.395" >
    <step title="DeploymentService.GetLatestDeployment" date="2025-06-09T08:03:46.397" >
      <step title="DeploymentManager.GetResults" date="2025-06-09T08:03:46.398" /><!-- duration: 339ms -->
      <step title="Deployment temp-6f02ac1b is Pending" date="2025-06-09T08:03:46.739" /><!-- duration: 1ms -->
    </step><!-- duration: 346ms -->
  </step><!-- duration: 349ms -->
  <step title="Outgoing response" date="2025-06-09T08:03:46.746" type="response" statusCode="202" statusText="Accepted" /><!-- duration: 4ms -->
</step><!-- duration: 386ms -->
