<step title="Incoming Request" date="2025-06-08T22:57:47.660" instance="dc7a13" url="/api/deployments/latest?deployer=GITHUB_ZIP_DEPLOY&amp;time=2025-06-08_22-57-41Z" method="GET" type="request" pid="769,1,33" Host="fruits-api-app.scm.azurewebsites.net" User-Agent="GITHUBACTIONS_DeployWebAppToAzure_7c029dfbf870a064ce012f6b308985b52fe40d3c984a00ece1c501bd9048455a" Authorization="Bas..." Content-Type="application/json; charset=utf-8" Cookie="ARRAffinity=dc7a138dfcb63bce17254cc4321cf14c9178fc6ae4c339b927686049d314ddf6;Path=/;HttpOnly;Secure;Domain=fruits-api-app.scm.azurewebsites.net; ARRAffinitySameSite=dc7a138dfcb63bce17254cc4321cf14c9178fc6ae4c339b927686049d314ddf6;Path=/;HttpOnly;SameSite=None;Secure;Domain=fruits-api-app.scm.azurewebsites.net" Content-Length="0" X-ARR-LOG-ID="aa2ef630-f248-4a7a-81d5-5ccf7ed6c0dd" CLIENT-IP="135.224.6.1:1985" X-SITE-DEPLOYMENT-ID="fruits-api-app" WAS-DEFAULT-HOSTNAME="fruits-api-app.scm.azurewebsites.net" X-Forwarded-Proto="https" X-AppService-Proto="https" X-Forwarded-TlsVersion="1.3" X-WAWS-Unencoded-URL="/api/deployments/latest?deployer=GITHUB_ZIP_DEPLOY&amp;time=2025-06-08_22-57-41Z" X-Client-IP="135.224.6.1" X-Client-Port="1985" >
  <step title="Cleanup Xml Logs" date="2025-06-08T22:57:47.663" /><!-- duration: 83ms -->
  <step title="DeploymentService.GetResult" date="2025-06-08T22:57:47.775" >
    <step title="DeploymentService.GetLatestDeployment" date="2025-06-08T22:57:47.777" >
      <step title="DeploymentManager.GetResults" date="2025-06-08T22:57:47.783" /><!-- duration: 153ms -->
      <step title="Deployment 253b9ce8-6086-48c6-8d57-ec537d9568d9 is Pending" date="2025-06-08T22:57:47.939" /><!-- duration: 2ms -->
    </step><!-- duration: 166ms -->
  </step><!-- duration: 170ms -->
  <step title="Outgoing response" date="2025-06-08T22:57:47.952" type="response" statusCode="202" statusText="Accepted" /><!-- duration: 2ms -->
</step><!-- duration: 295ms -->
