<step title="BackgroundTrace" date="2025-06-09T08:01:03.456" instance="dc7a13" url="/api/zipdeploy" method="POST" >
  <step title="Creating temporary deployment - FetchDeploymentManager" date="2025-06-09T08:01:03.539" /><!-- duration: 2ms -->
  <step title="Creating temporary deployment" date="2025-06-09T08:01:03.549" /><!-- duration: 67ms -->
  <step title="Performing fetch based deployment" date="2025-06-09T08:01:03.635" >
    <step title="Cleaning up temp folders from previous zip deployments and extracting pushed zip file /tmp/zipdeploy/aa262ef3-469d-4d5a-9f19-4f613fa530f4.zip (0.02 MB) to /tmp/zipdeploy/extracted" date="2025-06-09T08:01:06.055" >
      <step title="ChmodRecursive Process exited with total time taken in ms: 260" date="2025-06-09T08:01:06.589" /><!-- duration: 20ms -->
    </step><!-- duration: 592ms -->
    <step title="Deployment timer started" date="2025-06-09T08:01:08.693" >
      <step title="DeploymentManager.Deploy(id:b72ef0c2-8761-497f-aa52-ea993926f1e4)" date="2025-06-09T08:01:08.705" >
        <step title="Collecting changeset information" date="2025-06-09T08:01:08.723" /><!-- duration: 95ms -->
        <step title="Updating submodules" date="2025-06-09T08:01:08.821" /><!-- duration: 1194ms -->
        <step title="Determining deployment builder" date="2025-06-09T08:01:10.214" >
          <step title="Builder is OryxBuilder" date="2025-06-09T08:01:10.233" /><!-- duration: 2ms -->
        </step><!-- duration: 35ms -->
        <step title="PreDeployment: context.CleanOutputPath False" date="2025-06-09T08:01:10.283" >
          <step title="PreDeployment: context.OutputPath /home/site/wwwroot" date="2025-06-09T08:01:10.412" >
            <step title="Building" date="2025-06-09T08:01:10.693" >
              <step title="Executing external process" date="2025-06-09T08:01:10.957" type="process" path="bash" arguments="-c &quot;oryx build /tmp/zipdeploy/extracted -o /home/site/wwwroot --platform python --platform-version 3.11 -p virtualenv_name=antenv --log-file /tmp/build-debug.log  -i /tmp/8dda72bcbe2486d --compress-destination-dir | tee /tmp/oryx-build.log ; exit $PIPESTATUS &quot;" >
                <step title="Cpu: python(9125,29.120s)+ts(9126,0.150s)+build.sh(9124,0.000s)+build.sh(9123,0.000s)+build.sh(9040,0.070s)+oryx(9019,3.570s)+tee(9020,0.000s)+bash(9018,0.010s)=total(32.900s)" date="2025-06-09T08:02:44.915" /><!-- duration: 120ms -->
                <step title="bash: no io activity for 60s, prev-cpu=-1.000s, current-cpu=32.900s" date="2025-06-09T08:02:45.087" /><!-- duration: 99ms -->
              </step><!-- duration: 152042ms -->
              <step title="Using PythonDeploymentLogParser" date="2025-06-09T08:03:43.423" /><!-- duration: 2ms -->
              <step title="Triggering recycle (preview mode disabled)." date="2025-06-09T08:03:44.396" /><!-- duration: 6ms -->
              <step title="Modified file to trigger a restart of the app container." date="2025-06-09T08:03:44.420" /><!-- duration: 10ms -->
              <step title="Skip function trigger and logicapp sync because function is not enabled." date="2025-06-09T08:03:44.458" /><!-- duration: 9ms -->
            </step><!-- duration: 154611ms -->
          </step><!-- duration: 154895ms -->
          <step title="Cleaning up temp files" date="2025-06-09T08:03:45.309" /><!-- duration: 2060ms -->
          <step title="Cleaning up temp files" date="2025-06-09T08:03:47.374" /><!-- duration: 507ms -->
          <step title="Reloading status file with latest updates" date="2025-06-09T08:03:47.902" >
            <step title="WebHooksManager.PublishEventAsync: PostDeployment" date="2025-06-09T08:03:47.909" /><!-- duration: 42ms -->
          </step><!-- duration: 51ms -->
          <step title="Cleaning up temporary deployment - fetch deployment was successful" date="2025-06-09T08:03:47.957" /><!-- duration: 2ms -->
        </step><!-- duration: 157717ms -->
      </step><!-- duration: 159325ms -->
