<step title="Incoming Request" date="2025-06-08T23:29:17.868" instance="dc7a13" url="/api/deployments/latest?deployer=GITHUB_ZIP_DEPLOY&amp;time=2025-06-08_23-29-11Z" method="GET" type="request" pid="769,1,21" Host="fruits-api-app.scm.azurewebsites.net" User-Agent="GITHUBACTIONS_DeployWebAppToAzure_7c029dfbf870a064ce012f6b308985b52fe40d3c984a00ece1c501bd9048455a" Authorization="Bas..." Content-Type="application/json; charset=utf-8" Cookie="ARRAffinity=dc7a138dfcb63bce17254cc4321cf14c9178fc6ae4c339b927686049d314ddf6;Path=/;HttpOnly;Secure;Domain=fruits-api-app.scm.azurewebsites.net; ARRAffinitySameSite=dc7a138dfcb63bce17254cc4321cf14c9178fc6ae4c339b927686049d314ddf6;Path=/;HttpOnly;SameSite=None;Secure;Domain=fruits-api-app.scm.azurewebsites.net" Content-Length="0" X-ARR-LOG-ID="26ea0f62-f94d-4868-ba22-035b500c5ca9" CLIENT-IP="20.168.16.101:1985" X-SITE-DEPLOYMENT-ID="fruits-api-app" WAS-DEFAULT-HOSTNAME="fruits-api-app.scm.azurewebsites.net" X-Forwarded-Proto="https" X-AppService-Proto="https" X-Forwarded-TlsVersion="1.3" X-WAWS-Unencoded-URL="/api/deployments/latest?deployer=GITHUB_ZIP_DEPLOY&amp;time=2025-06-08_23-29-11Z" X-Client-IP="20.168.16.101" X-Client-Port="1985" >
  <step title="Cleanup Xml Logs" date="2025-06-08T23:29:17.880" /><!-- duration: 18ms -->
  <step title="DeploymentService.GetResult" date="2025-06-08T23:29:17.917" >
    <step title="DeploymentService.GetLatestDeployment" date="2025-06-08T23:29:17.920" >
      <step title="DeploymentManager.GetResults" date="2025-06-08T23:29:17.932" /><!-- duration: 834ms -->
      <step title="Deployment 5abfa786-7f60-498c-86fb-9e095a804931 is Building" date="2025-06-08T23:29:18.772" /><!-- duration: 10ms -->
    </step><!-- duration: 871ms -->
  </step><!-- duration: 883ms -->
  <step title="Outgoing response" date="2025-06-08T23:29:18.821" type="response" statusCode="202" statusText="Accepted" /><!-- duration: 13ms -->
</step><!-- duration: 974ms -->
