<step title="Incoming Request" date="2025-06-08T23:14:23.106" instance="dc7a13" url="/api/deployments/latest?deployer=GITHUB_ZIP_DEPLOY&amp;time=2025-06-08_23-14-21Z" method="GET" type="request" pid="769,1,23" Host="fruits-api-app.scm.azurewebsites.net" User-Agent="GITHUBACTIONS_DeployWebAppToAzure_7c029dfbf870a064ce012f6b308985b52fe40d3c984a00ece1c501bd9048455a" Authorization="Bas..." Content-Type="application/json; charset=utf-8" Cookie="ARRAffinity=dc7a138dfcb63bce17254cc4321cf14c9178fc6ae4c339b927686049d314ddf6;Path=/;HttpOnly;Secure;Domain=fruits-api-app.scm.azurewebsites.net; ARRAffinitySameSite=dc7a138dfcb63bce17254cc4321cf14c9178fc6ae4c339b927686049d314ddf6;Path=/;HttpOnly;SameSite=None;Secure;Domain=fruits-api-app.scm.azurewebsites.net" Content-Length="0" X-ARR-LOG-ID="bc383f4c-a9a5-4a46-bbd6-ee79ad8fceea" CLIENT-IP="172.173.147.48:13568" X-SITE-DEPLOYMENT-ID="fruits-api-app" WAS-DEFAULT-HOSTNAME="fruits-api-app.scm.azurewebsites.net" X-Forwarded-Proto="https" X-AppService-Proto="https" X-Forwarded-TlsVersion="1.3" X-WAWS-Unencoded-URL="/api/deployments/latest?deployer=GITHUB_ZIP_DEPLOY&amp;time=2025-06-08_23-14-21Z" X-Client-IP="172.173.147.48" X-Client-Port="13568" >
  <step title="Cleanup Xml Logs" date="2025-06-08T23:14:23.110" /><!-- duration: 7ms -->
  <step title="DeploymentService.GetResult" date="2025-06-08T23:14:23.125" >
    <step title="DeploymentService.GetLatestDeployment" date="2025-06-08T23:14:23.127" >
      <step title="DeploymentManager.GetResults" date="2025-06-08T23:14:23.130" /><!-- duration: 150ms -->
      <step title="Deployment temp-0a19d832 is Pending" date="2025-06-08T23:14:23.283" /><!-- duration: 2ms -->
    </step><!-- duration: 160ms -->
  </step><!-- duration: 165ms -->
  <step title="Outgoing response" date="2025-06-08T23:14:23.292" type="response" statusCode="202" statusText="Accepted" /><!-- duration: 2ms -->
</step><!-- duration: 191ms -->
