<step title="Incoming Request" date="2025-06-08T23:57:43.526" instance="dc7a13" url="/api/zipdeploy?isAsync=true&amp;deployer=GITHUB_ZIP_DEPLOY&amp;message=%7B%22type%22%3A%22deployment%22%2C%22sha%22%3A%22a5d9ad8d2367edaffc09cc1722b7d2a01727ea4e%22%2C%22repoName%22%3A%22sbeuran%2Fcastoredc-technical-assignment%22%2C%22actor%22%3A%22sbeuran%22%2C%22slotName%22%3A%22production%22%2C%22commitMessage%22%3A%22fix%3A%20update%20startup%20command%20with%20correct%20Python%20path%20and%20logging%22%7D" method="POST" type="request" pid="769,1,33" Host="fruits-api-app.scm.azurewebsites.net" User-Agent="GITHUBACTIONS_DeployWebAppToAzure_7c029dfbf870a064ce012f6b308985b52fe40d3c984a00ece1c501bd9048455a" Authorization="Bas..." Content-Type="application/octet-stream" Cookie="ARRAffinity=dc7a138dfcb63bce17254cc4321cf14c9178fc6ae4c339b927686049d314ddf6;Path=/;HttpOnly;Secure;Domain=fruits-api-app.scm.azurewebsites.net; ARRAffinitySameSite=dc7a138dfcb63bce17254cc4321cf14c9178fc6ae4c339b927686049d314ddf6;Path=/;HttpOnly;SameSite=None;Secure;Domain=fruits-api-app.scm.azurewebsites.net" Transfer-Encoding="chunked" X-ARR-LOG-ID="5ba1f2d6-eab5-4b2a-81d4-c219f6c59b86" CLIENT-IP="23.96.230.123:1984" X-SITE-DEPLOYMENT-ID="fruits-api-app" WAS-DEFAULT-HOSTNAME="fruits-api-app.scm.azurewebsites.net" X-Forwarded-Proto="https" X-AppService-Proto="https" X-Forwarded-TlsVersion="1.3" X-WAWS-Unencoded-URL="/api/zipdeploy?isAsync=true&amp;deployer=GITHUB_ZIP_DEPLOY&amp;message=%7B%22type%22%3A%22deployment%22%2C%22sha%22%3A%22a5d9ad8d2367edaffc09cc1722b7d2a01727ea4e%22%2C%22repoName%22%3A%22sbeuran%2Fcastoredc-technical-assignment%22%2C%22actor%22%3A%22sbeuran%22%2C%22slotName%22%3A%22production%22%2C%22commitMessage%22%3A%22fix%3A%20update%20startup%20command%20with%20correct%20Python%20path%20and%20logging%22%7D" X-Client-IP="23.96.230.123" X-Client-Port="1984" >
  <step title="ZipPushDeploy" date="2025-06-08T23:57:43.531" >
    <step title="ZipDeploy. Extract zip. Remote build." date="2025-06-08T23:57:43.538" /><!-- duration: 1ms -->
    <step title="Starting PushDeployAsync" date="2025-06-08T23:57:43.542" /><!-- duration: 1ms -->
    <step title="Writing artifact to /tmp/zipdeploy/037ac63a-83ac-43e1-bb77-f0ed8c84f223.zip" date="2025-06-08T23:57:43.551" >
      <step title="Writing multipart request body to /tmp/zipdeploy/037ac63a-83ac-43e1-bb77-f0ed8c84f223.zip" date="2025-06-08T23:57:43.558" /><!-- duration: 7ms -->
    </step><!-- duration: 36ms -->
    <step title="Removing previous build artifact&apos;s manifest file" date="2025-06-08T23:57:43.589" >
      <step title="Start deployment in the background" date="2025-06-08T23:57:43.618" >
        <step title="Acquiring Deployment Lock" date="2025-06-08T23:57:43.658" /><!-- duration: 8ms -->
        <step title="Acquired Deployment Lock" date="2025-06-08T23:57:43.707" /><!-- duration: 2ms -->
      </step><!-- duration: 142ms -->
    </step><!-- duration: 174ms -->
    <step title="Outgoing response" date="2025-06-08T23:57:43.766" type="response" statusCode="202" statusText="Accepted" /><!-- duration: 2ms -->
  </step><!-- duration: 238ms -->
