<step title="Incoming Request" date="2025-06-08T23:03:00.804" instance="dc7a13" url="/api/zipdeploy?isAsync=true&amp;deployer=GITHUB_ZIP_DEPLOY&amp;message=%7B%22type%22%3A%22deployment%22%2C%22sha%22%3A%2275fc93c4d4b74790500a2c9dccd889012983a263%22%2C%22repoName%22%3A%22sbeuran%2Fcastoredc-technical-assignment%22%2C%22actor%22%3A%22sbeuran%22%2C%22slotName%22%3A%22production%22%2C%22commitMessage%22%3A%22fix%3A%20disable%20data%20initialization%20during%20tests%22%7D" method="POST" type="request" pid="769,1,30" Host="fruits-api-app.scm.azurewebsites.net" User-Agent="GITHUBACTIONS_DeployWebAppToAzure_7c029dfbf870a064ce012f6b308985b52fe40d3c984a00ece1c501bd9048455a" Authorization="Bas..." Content-Type="application/octet-stream" Cookie="ARRAffinity=dc7a138dfcb63bce17254cc4321cf14c9178fc6ae4c339b927686049d314ddf6;Path=/;HttpOnly;Secure;Domain=fruits-api-app.scm.azurewebsites.net; ARRAffinitySameSite=dc7a138dfcb63bce17254cc4321cf14c9178fc6ae4c339b927686049d314ddf6;Path=/;HttpOnly;SameSite=None;Secure;Domain=fruits-api-app.scm.azurewebsites.net" Transfer-Encoding="chunked" X-ARR-LOG-ID="0489f87f-9c3d-4da3-9ff7-9fd6cace1c0f" CLIENT-IP="13.64.190.167:1024" X-SITE-DEPLOYMENT-ID="fruits-api-app" WAS-DEFAULT-HOSTNAME="fruits-api-app.scm.azurewebsites.net" X-Forwarded-Proto="https" X-AppService-Proto="https" X-Forwarded-TlsVersion="1.3" X-WAWS-Unencoded-URL="/api/zipdeploy?isAsync=true&amp;deployer=GITHUB_ZIP_DEPLOY&amp;message=%7B%22type%22%3A%22deployment%22%2C%22sha%22%3A%2275fc93c4d4b74790500a2c9dccd889012983a263%22%2C%22repoName%22%3A%22sbeuran%2Fcastoredc-technical-assignment%22%2C%22actor%22%3A%22sbeuran%22%2C%22slotName%22%3A%22production%22%2C%22commitMessage%22%3A%22fix%3A%20disable%20data%20initialization%20during%20tests%22%7D" X-Client-IP="13.64.190.167" X-Client-Port="1024" >
  <step title="ZipPushDeploy" date="2025-06-08T23:03:00.821" >
    <step title="ZipDeploy. Extract zip. Remote build." date="2025-06-08T23:03:00.829" /><!-- duration: 1ms -->
    <step title="Starting PushDeployAsync" date="2025-06-08T23:03:00.833" /><!-- duration: 1ms -->
    <step title="Writing artifact to /tmp/zipdeploy/03fe3025-2d08-42eb-90ac-294fa2285119.zip" date="2025-06-08T23:03:00.839" >
      <step title="Writing multipart request body to /tmp/zipdeploy/03fe3025-2d08-42eb-90ac-294fa2285119.zip" date="2025-06-08T23:03:00.843" /><!-- duration: 2ms -->
    </step><!-- duration: 14ms -->
    <step title="Start deployment in the background" date="2025-06-08T23:03:00.872" >
      <step title="Acquiring Deployment Lock" date="2025-06-08T23:03:00.892" /><!-- duration: 2ms -->
      <step title="Acquired Deployment Lock" date="2025-06-08T23:03:00.917" /><!-- duration: 2ms -->
    </step><!-- duration: 95ms -->
  </step><!-- duration: 151ms -->
  <step title="Outgoing response" date="2025-06-08T23:03:00.975" type="response" statusCode="202" statusText="Accepted" /><!-- duration: 8ms -->
</step><!-- duration: 181ms -->
