<step title="Incoming Request" date="2025-06-08T23:26:27.593" instance="dc7a13" url="/api/zipdeploy?isAsync=true&amp;deployer=GITHUB_ZIP_DEPLOY&amp;message=%7B%22type%22%3A%22deployment%22%2C%22sha%22%3A%22d2638592b93952da0ecd32019a11041702a2b6e3%22%2C%22repoName%22%3A%22sbeuran%2Fcastoredc-technical-assignment%22%2C%22actor%22%3A%22sbeuran%22%2C%22slotName%22%3A%22production%22%2C%22commitMessage%22%3A%22fix%3A%20python%20path%20in%20Azure%20App%20Service%5Cn%5Cn-%20Added%20explicit%20Python%20path%20for%20Azure%5Cn-%20Changed%20python%20to%20python3%20commands%5Cn-%20Added%20more%20debug%20logging%5Cn-%20Fixed%20PATH%20environment%20setup%22%7D" method="POST" type="request" pid="769,1,21" Host="fruits-api-app.scm.azurewebsites.net" User-Agent="GITHUBACTIONS_DeployWebAppToAzure_7c029dfbf870a064ce012f6b308985b52fe40d3c984a00ece1c501bd9048455a" Authorization="Bas..." Content-Type="application/octet-stream" Cookie="ARRAffinity=dc7a138dfcb63bce17254cc4321cf14c9178fc6ae4c339b927686049d314ddf6;Path=/;HttpOnly;Secure;Domain=fruits-api-app.scm.azurewebsites.net; ARRAffinitySameSite=dc7a138dfcb63bce17254cc4321cf14c9178fc6ae4c339b927686049d314ddf6;Path=/;HttpOnly;SameSite=None;Secure;Domain=fruits-api-app.scm.azurewebsites.net" Transfer-Encoding="chunked" X-ARR-LOG-ID="94fea66e-9cef-47ca-9e67-04067dfb7ecd" CLIENT-IP="20.25.202.212:1984" X-SITE-DEPLOYMENT-ID="fruits-api-app" WAS-DEFAULT-HOSTNAME="fruits-api-app.scm.azurewebsites.net" X-Forwarded-Proto="https" X-AppService-Proto="https" X-Forwarded-TlsVersion="1.3" X-WAWS-Unencoded-URL="/api/zipdeploy?isAsync=true&amp;deployer=GITHUB_ZIP_DEPLOY&amp;message=%7B%22type%22%3A%22deployment%22%2C%22sha%22%3A%22d2638592b93952da0ecd32019a11041702a2b6e3%22%2C%22repoName%22%3A%22sbeuran%2Fcastoredc-technical-assignment%22%2C%22actor%22%3A%22sbeuran%22%2C%22slotName%22%3A%22production%22%2C%22commitMessage%22%3A%22fix%3A%20python%20path%20in%20Azure%20App%20Service%5Cn%5Cn-%20Added%20explicit%20Python%20path%20for%20Azure%5Cn-%20Changed%20python%20to%20python3%20commands%5Cn-%20Added%20more%20debug%20logging%5Cn-%20Fixed%20PATH%20environment%20setup%22%7D" X-Client-IP="20.25.202.212" X-Client-Port="1984" >
  <step title="ZipPushDeploy" date="2025-06-08T23:26:27.617" >
    <step title="ZipDeploy. Extract zip. Remote build." date="2025-06-08T23:26:27.623" /><!-- duration: 2ms -->
    <step title="Starting PushDeployAsync" date="2025-06-08T23:26:27.629" /><!-- duration: 3ms -->
    <step title="Writing artifact to /tmp/zipdeploy/133f5015-7ff2-42c6-b5e8-a4577b77fa06.zip" date="2025-06-08T23:26:27.638" >
      <step title="Writing multipart request body to /tmp/zipdeploy/133f5015-7ff2-42c6-b5e8-a4577b77fa06.zip" date="2025-06-08T23:26:27.641" /><!-- duration: 2ms -->
    </step><!-- duration: 12ms -->
    <step title="Start deployment in the background" date="2025-06-08T23:26:27.673" >
      <step title="Acquiring Deployment Lock" date="2025-06-08T23:26:27.690" /><!-- duration: 2ms -->
      <step title="Acquired Deployment Lock" date="2025-06-08T23:26:27.713" /><!-- duration: 2ms -->
    </step><!-- duration: 111ms -->
  </step><!-- duration: 170ms -->
  <step title="Outgoing response" date="2025-06-08T23:26:27.790" type="response" statusCode="202" statusText="Accepted" /><!-- duration: 2ms -->
</step><!-- duration: 201ms -->
