<step title="Incoming Request" date="2025-06-08T23:47:32.052" instance="dc7a13" url="/api/deployments/latest?deployer=GITHUB_ZIP_DEPLOY&amp;time=2025-06-08_23-46-10Z" method="GET" type="request" pid="769,1,20" Host="fruits-api-app.scm.azurewebsites.net" User-Agent="GITHUBACTIONS_DeployWebAppToAzure_7c029dfbf870a064ce012f6b308985b52fe40d3c984a00ece1c501bd9048455a" Authorization="Bas..." Content-Type="application/json; charset=utf-8" Cookie="ARRAffinity=dc7a138dfcb63bce17254cc4321cf14c9178fc6ae4c339b927686049d314ddf6;Path=/;HttpOnly;Secure;Domain=fruits-api-app.scm.azurewebsites.net; ARRAffinitySameSite=dc7a138dfcb63bce17254cc4321cf14c9178fc6ae4c339b927686049d314ddf6;Path=/;HttpOnly;SameSite=None;Secure;Domain=fruits-api-app.scm.azurewebsites.net" Content-Length="0" X-ARR-LOG-ID="3df19714-15cb-4b96-980a-1a1b78c188c3" CLIENT-IP="20.42.45.90:24642" X-SITE-DEPLOYMENT-ID="fruits-api-app" WAS-DEFAULT-HOSTNAME="fruits-api-app.scm.azurewebsites.net" X-Forwarded-Proto="https" X-AppService-Proto="https" X-Forwarded-TlsVersion="1.3" X-WAWS-Unencoded-URL="/api/deployments/latest?deployer=GITHUB_ZIP_DEPLOY&amp;time=2025-06-08_23-46-10Z" X-Client-IP="20.42.45.90" X-Client-Port="24642" >
  <step title="Cleanup Xml Logs" date="2025-06-08T23:47:32.054" >
    <step title="Cleanup Infos" date="2025-06-08T23:47:32.132" totalFiles="255" totalCleanup="95" /><!-- duration: 2ms -->
  </step><!-- duration: 101ms -->
  <step title="DeploymentService.GetResult" date="2025-06-08T23:47:32.234" >
    <step title="DeploymentService.GetLatestDeployment" date="2025-06-08T23:47:32.264" >
      <step title="DeploymentManager.GetResults" date="2025-06-08T23:47:32.284" /><!-- duration: 744ms -->
      <step title="Deployment 1c02c0ee-81d5-4c82-9e80-576be73a4239 is Building" date="2025-06-08T23:47:33.038" /><!-- duration: 1ms -->
    </step><!-- duration: 864ms -->
  </step><!-- duration: 905ms -->
  <step title="Outgoing response" date="2025-06-08T23:47:33.180" type="response" statusCode="202" statusText="Accepted" /><!-- duration: 9ms -->
</step><!-- duration: 1156ms -->
