<step title="BackgroundTrace" date="2025-06-08T15:46:07.520" instance="dc7a13" url="/api/zipdeploy" method="POST" >
  <step title="Cleanup Xml Logs" date="2025-06-08T15:46:07.537" /><!-- duration: 3ms -->
  <step title="Creating temporary deployment - FetchDeploymentManager" date="2025-06-08T15:46:07.610" /><!-- duration: 1ms -->
  <step title="Creating temporary deployment" date="2025-06-08T15:46:07.623" /><!-- duration: 66ms -->
  <step title="Performing fetch based deployment" date="2025-06-08T15:46:07.736" >
    <step title="Cleaning up temp folders from previous zip deployments and extracting pushed zip file /tmp/zipdeploy/f055c742-94d5-44c0-abf6-08754f061d21.zip (54.48 MB) to /tmp/zipdeploy/extracted" date="2025-06-08T15:46:08.908" >
      <step title="ChmodRecursive Process exited with total time taken in ms: 169" date="2025-06-08T15:46:15.682" /><!-- duration: 4ms -->
    </step><!-- duration: 6779ms -->
    <step title="Deployment timer started" date="2025-06-08T15:46:17.758" >
      <step title="DeploymentManager.Deploy(id:337abcf3-eab8-448e-9167-4aee4d832e74)" date="2025-06-08T15:46:17.763" >
        <step title="Collecting changeset information" date="2025-06-08T15:46:17.772" /><!-- duration: 54ms -->
        <step title="Updating submodules" date="2025-06-08T15:46:17.830" /><!-- duration: 1078ms -->
        <step title="Determining deployment builder" date="2025-06-08T15:46:19.091" >
          <step title="Builder is OryxBuilder" date="2025-06-08T15:46:19.113" /><!-- duration: 3ms -->
        </step><!-- duration: 28ms -->
        <step title="PreDeployment: context.CleanOutputPath False" date="2025-06-08T15:46:19.157" >
          <step title="PreDeployment: context.OutputPath /home/site/wwwroot" date="2025-06-08T15:46:19.235" >
            <step title="Building" date="2025-06-08T15:46:19.387" >
              <step title="Executing external process" date="2025-06-08T15:46:19.934" type="process" path="bash" arguments="-c &quot;oryx build /tmp/zipdeploy/extracted -o /home/site/wwwroot --platform python --platform-version 3.11 -p virtualenv_name=antenv --log-file /tmp/build-debug.log  -i /tmp/8dda6a39c7466e4 --compress-destination-dir | tee /tmp/oryx-build.log ; exit $PIPESTATUS &quot;" >
                <step title="Cpu: gzip(1484,41.120s)+sh(1483,0.000s)+tar(1482,2.180s)+build.sh(1282,0.110s)+oryx(1263,5.530s)+tee(1264,0.000s)+bash(1262,0.000s)=total(48.920s)" date="2025-06-08T15:49:52.881" /><!-- duration: 21ms -->
                <step title="bash: no io activity for 60s, prev-cpu=-1.000s, current-cpu=48.920s" date="2025-06-08T15:49:52.930" /><!-- duration: 2ms -->
              </step><!-- duration: 224255ms -->
              <step title="Using PythonDeploymentLogParser" date="2025-06-08T15:50:05.063" /><!-- duration: 31ms -->
              <step title="Triggering recycle (preview mode disabled)." date="2025-06-08T15:50:06.541" /><!-- duration: 12ms -->
              <step title="Modified file to trigger a restart of the app container." date="2025-06-08T15:50:06.592" /><!-- duration: 1ms -->
              <step title="Skip function trigger and logicapp sync because function is not enabled." date="2025-06-08T15:50:06.631" /><!-- duration: 10ms -->
            </step><!-- duration: 227844ms -->
          </step><!-- duration: 227999ms -->
          <step title="Cleaning up temp files" date="2025-06-08T15:50:07.235" /><!-- duration: 3029ms -->
          <step title="Cleaning up temp files" date="2025-06-08T15:50:10.304" /><!-- duration: 556ms -->
          <step title="Reloading status file with latest updates" date="2025-06-08T15:50:10.977" >
            <step title="WebHooksManager.PublishEventAsync: PostDeployment" date="2025-06-08T15:50:10.987" /><!-- duration: 351ms -->
          </step><!-- duration: 365ms -->
          <step title="Cleaning up temporary deployment - fetch deployment was successful" date="2025-06-08T15:50:11.358" /><!-- duration: 11ms -->
        </step><!-- duration: 232278ms -->
      </step><!-- duration: 233682ms -->
