<step title="Incoming Request" date="2025-06-09T08:33:49.348" instance="dc7a13" url="/api/deployments/latest?deployer=GITHUB_ZIP_DEPLOY&amp;time=2025-06-09_08-31-25Z" method="GET" type="request" pid="769,1,51" Host="fruits-api-app.scm.azurewebsites.net" User-Agent="GITHUBACTIONS_DeployWebAppToAzure_7c029dfbf870a064ce012f6b308985b52fe40d3c984a00ece1c501bd9048455a" Authorization="Bas..." Content-Type="application/json; charset=utf-8" Cookie="ARRAffinity=dc7a138dfcb63bce17254cc4321cf14c9178fc6ae4c339b927686049d314ddf6;Path=/;HttpOnly;Secure;Domain=fruits-api-app.scm.azurewebsites.net; ARRAffinitySameSite=dc7a138dfcb63bce17254cc4321cf14c9178fc6ae4c339b927686049d314ddf6;Path=/;HttpOnly;SameSite=None;Secure;Domain=fruits-api-app.scm.azurewebsites.net" Content-Length="0" X-ARR-LOG-ID="6d0930d1-d953-45e6-bf59-1eabae3bd42b" CLIENT-IP="104.42.29.251:1984" X-SITE-DEPLOYMENT-ID="fruits-api-app" WAS-DEFAULT-HOSTNAME="fruits-api-app.scm.azurewebsites.net" X-Forwarded-Proto="https" X-AppService-Proto="https" X-Forwarded-TlsVersion="1.3" X-WAWS-Unencoded-URL="/api/deployments/latest?deployer=GITHUB_ZIP_DEPLOY&amp;time=2025-06-09_08-31-25Z" X-Client-IP="104.42.29.251" X-Client-Port="1984" >
  <step title="Cleanup Xml Logs" date="2025-06-09T08:33:49.350" >
    <step title="Cleanup Infos" date="2025-06-09T08:33:49.380" totalFiles="461" totalCleanup="301" /><!-- duration: 9ms -->
  </step><!-- duration: 47ms -->
  <step title="DeploymentService.GetResult" date="2025-06-09T08:33:49.430" >
    <step title="DeploymentService.GetLatestDeployment" date="2025-06-09T08:33:49.478" >
      <step title="DeploymentManager.GetResults" date="2025-06-09T08:33:49.498" /><!-- duration: 753ms -->
      <step title="Deployment 394e3c45-840d-42ce-acd6-4235f638c26c is Building" date="2025-06-09T08:33:50.270" /><!-- duration: 9ms -->
    </step><!-- duration: 820ms -->
  </step><!-- duration: 878ms -->
  <step title="Outgoing response" date="2025-06-09T08:33:50.407" type="response" statusCode="202" statusText="Accepted" /><!-- duration: 19ms -->
</step><!-- duration: 1080ms -->
