<step title="Incoming Request" date="2025-06-08T23:47:52.106" instance="dc7a13" url="/api/deployments/latest?deployer=GITHUB_ZIP_DEPLOY&amp;time=2025-06-08_23-46-10Z" method="GET" type="request" pid="769,1,23" Host="fruits-api-app.scm.azurewebsites.net" User-Agent="GITHUBACTIONS_DeployWebAppToAzure_7c029dfbf870a064ce012f6b308985b52fe40d3c984a00ece1c501bd9048455a" Authorization="Bas..." Content-Type="application/json; charset=utf-8" Cookie="ARRAffinity=dc7a138dfcb63bce17254cc4321cf14c9178fc6ae4c339b927686049d314ddf6;Path=/;HttpOnly;Secure;Domain=fruits-api-app.scm.azurewebsites.net; ARRAffinitySameSite=dc7a138dfcb63bce17254cc4321cf14c9178fc6ae4c339b927686049d314ddf6;Path=/;HttpOnly;SameSite=None;Secure;Domain=fruits-api-app.scm.azurewebsites.net" Content-Length="0" X-ARR-LOG-ID="1ff9f372-9f07-4e21-ac5f-e73b80a83a47" CLIENT-IP="20.42.45.90:24640" X-SITE-DEPLOYMENT-ID="fruits-api-app" WAS-DEFAULT-HOSTNAME="fruits-api-app.scm.azurewebsites.net" X-Forwarded-Proto="https" X-AppService-Proto="https" X-Forwarded-TlsVersion="1.3" X-WAWS-Unencoded-URL="/api/deployments/latest?deployer=GITHUB_ZIP_DEPLOY&amp;time=2025-06-08_23-46-10Z" X-Client-IP="20.42.45.90" X-Client-Port="24640" >
  <step title="Cleanup Xml Logs" date="2025-06-08T23:47:52.127" >
    <step title="Cleanup Infos" date="2025-06-08T23:47:52.187" totalFiles="258" totalCleanup="98" /><!-- duration: 19ms -->
  </step><!-- duration: 99ms -->
  <step title="DeploymentService.GetResult" date="2025-06-08T23:47:52.268" >
    <step title="DeploymentService.GetLatestDeployment" date="2025-06-08T23:47:52.278" >
      <step title="DeploymentManager.GetResults" date="2025-06-08T23:47:52.298" /><!-- duration: 732ms -->
      <step title="Deployment 1c02c0ee-81d5-4c82-9e80-576be73a4239 is Building" date="2025-06-08T23:47:53.050" /><!-- duration: 2ms -->
    </step><!-- duration: 825ms -->
  </step><!-- duration: 873ms -->
  <step title="Outgoing response" date="2025-06-08T23:47:53.212" type="response" statusCode="202" statusText="Accepted" /><!-- duration: 10ms -->
</step><!-- duration: 1134ms -->
