<step title="Incoming Request" date="2025-06-09T00:06:32.035" instance="dc7a13" url="/logstream" method="GET" type="request" pid="769,1,33" Host="fruits-api-app.scm.azurewebsites.net" User-Agent="AZURECLI/2.72.0 (DEB)" Accept-Encoding="identity" Authorization="Bas..." x-ms-client-request-id="963cb1d4-44c5-11f0-96ae-6045bdb99ee6" X-ARR-LOG-ID="963cb1d4-44c5-11f0-96ae-6045bdb99ee6" CLIENT-IP="104.209.222.34:1985" X-SITE-DEPLOYMENT-ID="fruits-api-app" WAS-DEFAULT-HOSTNAME="fruits-api-app.scm.azurewebsites.net" X-Forwarded-Proto="https" X-AppService-Proto="https" X-Forwarded-TlsVersion="1.3" X-WAWS-Unencoded-URL="/logstream" X-Client-IP="104.209.222.34" X-Client-Port="1985" >
  <step title="Cleanup Xml Logs" date="2025-06-09T00:06:32.037" >
    <step title="Cleanup Infos" date="2025-06-09T00:06:32.094" totalFiles="349" totalCleanup="189" /><!-- duration: 2ms -->
  </step><!-- duration: 68ms -->
  <step title="LogStreamHandlerMiddleware.Invoke" date="2025-06-09T00:06:32.217" /><!-- duration: 502ms -->
  <step title="Error occurred" date="2025-06-09T02:06:32.680" type="error" text="LogStreamManager: Inside TerminateClient" /><!-- duration: 3ms -->
  <step title="Error occurred" date="2025-06-09T02:06:32.703" type="error" text="LogStreamManager: Inside Reset" /><!-- duration: 3ms -->
  <step title="Error occurred" date="2025-06-09T04:06:33.061" type="error" text="LogStreamManager: ProcessRequest end due to timeout" /><!-- duration: 6ms -->
  <step title="Outgoing response" date="2025-06-09T04:06:33.135" type="response" statusCode="200" statusText="OK" /><!-- duration: 2ms -->
</step><!-- duration: 14401104ms -->
