<step title="Incoming Request" date="2025-06-08T23:54:32.488" instance="dc7a13" url="/api/deployments/latest?deployer=GITHUB_ZIP_DEPLOY&amp;time=2025-06-08_23-53-41Z" method="GET" type="request" pid="769,1,18" Host="fruits-api-app.scm.azurewebsites.net" User-Agent="GITHUBACTIONS_DeployWebAppToAzure_7c029dfbf870a064ce012f6b308985b52fe40d3c984a00ece1c501bd9048455a" Authorization="Bas..." Content-Type="application/json; charset=utf-8" Cookie="ARRAffinity=dc7a138dfcb63bce17254cc4321cf14c9178fc6ae4c339b927686049d314ddf6;Path=/;HttpOnly;Secure;Domain=fruits-api-app.scm.azurewebsites.net; ARRAffinitySameSite=dc7a138dfcb63bce17254cc4321cf14c9178fc6ae4c339b927686049d314ddf6;Path=/;HttpOnly;SameSite=None;Secure;Domain=fruits-api-app.scm.azurewebsites.net" Content-Length="0" X-ARR-LOG-ID="0c697beb-3bc2-4d0d-8b28-9e5d3ead285e" CLIENT-IP="13.83.11.136:1024" X-SITE-DEPLOYMENT-ID="fruits-api-app" WAS-DEFAULT-HOSTNAME="fruits-api-app.scm.azurewebsites.net" X-Forwarded-Proto="https" X-AppService-Proto="https" X-Forwarded-TlsVersion="1.3" X-WAWS-Unencoded-URL="/api/deployments/latest?deployer=GITHUB_ZIP_DEPLOY&amp;time=2025-06-08_23-53-41Z" X-Client-IP="13.83.11.136" X-Client-Port="1024" >
  <step title="Cleanup Xml Logs" date="2025-06-08T23:54:32.496" >
    <step title="Cleanup Infos" date="2025-06-08T23:54:32.508" totalFiles="278" totalCleanup="118" /><!-- duration: 8ms -->
  </step><!-- duration: 23ms -->
  <step title="DeploymentService.GetResult" date="2025-06-08T23:54:32.536" >
    <step title="DeploymentService.GetLatestDeployment" date="2025-06-08T23:54:32.538" >
      <step title="DeploymentManager.GetResults" date="2025-06-08T23:54:32.547" /><!-- duration: 371ms -->
      <step title="Deployment 5059e60b-a635-451f-958b-5b223ae529b8 is Building" date="2025-06-08T23:54:32.920" /><!-- duration: 9ms -->
    </step><!-- duration: 393ms -->
  </step><!-- duration: 403ms -->
  <step title="Outgoing response" date="2025-06-08T23:54:32.958" type="response" statusCode="202" statusText="Accepted" /><!-- duration: 9ms -->
</step><!-- duration: 500ms -->
