<step title="Incoming Request" date="2025-06-08T23:33:05.996" instance="dc7a13" url="/api/deployments/latest?deployer=GITHUB_ZIP_DEPLOY&amp;time=2025-06-08_23-32-59Z" method="GET" type="request" pid="769,1,16" Host="fruits-api-app.scm.azurewebsites.net" User-Agent="GITHUBACTIONS_DeployWebAppToAzure_7c029dfbf870a064ce012f6b308985b52fe40d3c984a00ece1c501bd9048455a" Authorization="Bas..." Content-Type="application/json; charset=utf-8" Cookie="ARRAffinity=dc7a138dfcb63bce17254cc4321cf14c9178fc6ae4c339b927686049d314ddf6;Path=/;HttpOnly;Secure;Domain=fruits-api-app.scm.azurewebsites.net; ARRAffinitySameSite=dc7a138dfcb63bce17254cc4321cf14c9178fc6ae4c339b927686049d314ddf6;Path=/;HttpOnly;SameSite=None;Secure;Domain=fruits-api-app.scm.azurewebsites.net" Content-Length="0" X-ARR-LOG-ID="6d87307e-0405-4ac9-b24f-537e889760fc" CLIENT-IP="52.254.4.6:1025" X-SITE-DEPLOYMENT-ID="fruits-api-app" WAS-DEFAULT-HOSTNAME="fruits-api-app.scm.azurewebsites.net" X-Forwarded-Proto="https" X-AppService-Proto="https" X-Forwarded-TlsVersion="1.3" X-WAWS-Unencoded-URL="/api/deployments/latest?deployer=GITHUB_ZIP_DEPLOY&amp;time=2025-06-08_23-32-59Z" X-Client-IP="52.254.4.6" X-Client-Port="1025" >
  <step title="Cleanup Xml Logs" date="2025-06-08T23:33:06.018" /><!-- duration: 18ms -->
  <step title="DeploymentService.GetResult" date="2025-06-08T23:33:06.067" >
    <step title="DeploymentService.GetLatestDeployment" date="2025-06-08T23:33:06.076" >
      <step title="DeploymentManager.GetResults" date="2025-06-08T23:33:06.087" /><!-- duration: 301ms -->
      <step title="Deployment 024759bf-b4a0-4199-8dec-8fdafd4c4ef2 is Building" date="2025-06-08T23:33:06.398" /><!-- duration: 2ms -->
    </step><!-- duration: 343ms -->
  </step><!-- duration: 354ms -->
  <step title="Outgoing response" date="2025-06-08T23:33:06.430" type="response" statusCode="202" statusText="Accepted" /><!-- duration: 9ms -->
</step><!-- duration: 453ms -->
