<step title="Incoming Request" date="2025-06-08T23:20:20.897" instance="dc7a13" url="/api/zipdeploy?isAsync=true&amp;deployer=GITHUB_ZIP_DEPLOY&amp;message=%7B%22type%22%3A%22deployment%22%2C%22sha%22%3A%221a22a8dc01beaa57c62d06c696313cf2acb0e30a%22%2C%22repoName%22%3A%22sbeuran%2Fcastoredc-technical-assignment%22%2C%22actor%22%3A%22sbeuran%22%2C%22slotName%22%3A%22production%22%2C%22commitMessage%22%3A%22fix%3A%20azure%20deployment%20configuration%20for%20Windows%20environment%5Cn%5Cn-%20Removed%20unsupported%20startup-command%20parameter%5Cn-%20Updated%20startup%20script%20for%20better%20Windows%20compatibility%5Cn-%20Added%20environment%20variables%20for%20proper%20path%20resolution%5Cn-%20Made%20virtual%20environment%20activation%20more%20robust%22%7D" method="POST" type="request" pid="769,1,31" Host="fruits-api-app.scm.azurewebsites.net" User-Agent="GITHUBACTIONS_DeployWebAppToAzure_7c029dfbf870a064ce012f6b308985b52fe40d3c984a00ece1c501bd9048455a" Authorization="Bas..." Content-Type="application/octet-stream" Cookie="ARRAffinity=dc7a138dfcb63bce17254cc4321cf14c9178fc6ae4c339b927686049d314ddf6;Path=/;HttpOnly;Secure;Domain=fruits-api-app.scm.azurewebsites.net; ARRAffinitySameSite=dc7a138dfcb63bce17254cc4321cf14c9178fc6ae4c339b927686049d314ddf6;Path=/;HttpOnly;SameSite=None;Secure;Domain=fruits-api-app.scm.azurewebsites.net" Transfer-Encoding="chunked" X-ARR-LOG-ID="2f1c2b98-f707-4c89-92eb-d01b4b226b48" CLIENT-IP="40.84.60.15:1984" X-SITE-DEPLOYMENT-ID="fruits-api-app" WAS-DEFAULT-HOSTNAME="fruits-api-app.scm.azurewebsites.net" X-Forwarded-Proto="https" X-AppService-Proto="https" X-Forwarded-TlsVersion="1.3" X-WAWS-Unencoded-URL="/api/zipdeploy?isAsync=true&amp;deployer=GITHUB_ZIP_DEPLOY&amp;message=%7B%22type%22%3A%22deployment%22%2C%22sha%22%3A%221a22a8dc01beaa57c62d06c696313cf2acb0e30a%22%2C%22repoName%22%3A%22sbeuran%2Fcastoredc-technical-assignment%22%2C%22actor%22%3A%22sbeuran%22%2C%22slotName%22%3A%22production%22%2C%22commitMessage%22%3A%22fix%3A%20azure%20deployment%20configuration%20for%20Windows%20environment%5Cn%5Cn-%20Removed%20unsupported%20startup-command%20parameter%5Cn-%20Updated%20startup%20script%20for%20better%20Windows%20compatibility%5Cn-%20Added%20environment%20variables%20for%20proper%20path%20resolution%5Cn-%20Made%20virtual%20environment%20activation%20more%20robust%22%7D" X-Client-IP="40.84.60.15" X-Client-Port="1984" >
  <step title="Cleanup Xml Logs" date="2025-06-08T23:20:20.899" /><!-- duration: 5ms -->
  <step title="ZipPushDeploy" date="2025-06-08T23:20:20.913" >
    <step title="ZipDeploy. Extract zip. Remote build." date="2025-06-08T23:20:20.917" /><!-- duration: 2ms -->
    <step title="Starting PushDeployAsync" date="2025-06-08T23:20:20.923" /><!-- duration: 2ms -->
    <step title="Writing artifact to /tmp/zipdeploy/431112d6-a1f4-4acd-9c47-7847b2038d2d.zip" date="2025-06-08T23:20:20.934" >
      <step title="Writing multipart request body to /tmp/zipdeploy/431112d6-a1f4-4acd-9c47-7847b2038d2d.zip" date="2025-06-08T23:20:20.936" /><!-- duration: 2ms -->
    </step><!-- duration: 1327ms -->
    <step title="Start deployment in the background" date="2025-06-08T23:20:22.273" >
      <step title="Acquiring Deployment Lock" date="2025-06-08T23:20:22.281" /><!-- duration: 2ms -->
      <step title="Acquired Deployment Lock" date="2025-06-08T23:20:22.308" /><!-- duration: 2ms -->
    </step><!-- duration: 75ms -->
  </step><!-- duration: 1437ms -->
  <step title="Outgoing response" date="2025-06-08T23:20:22.352" type="response" statusCode="202" statusText="Accepted" /><!-- duration: 1ms -->
</step><!-- duration: 1458ms -->
