<step title="Incoming Request" date="2025-06-09T08:11:03.785" instance="dc7a13" url="/api/deployments/latest?deployer=GITHUB_ZIP_DEPLOY&amp;time=2025-06-09_08-10-31Z" method="GET" type="request" pid="769,1,52" Host="fruits-api-app.scm.azurewebsites.net" User-Agent="GITHUBACTIONS_DeployWebAppToAzure_7c029dfbf870a064ce012f6b308985b52fe40d3c984a00ece1c501bd9048455a" Authorization="Bas..." Content-Type="application/json; charset=utf-8" Cookie="ARRAffinity=dc7a138dfcb63bce17254cc4321cf14c9178fc6ae4c339b927686049d314ddf6;Path=/;HttpOnly;Secure;Domain=fruits-api-app.scm.azurewebsites.net; ARRAffinitySameSite=dc7a138dfcb63bce17254cc4321cf14c9178fc6ae4c339b927686049d314ddf6;Path=/;HttpOnly;SameSite=None;Secure;Domain=fruits-api-app.scm.azurewebsites.net" Content-Length="0" X-ARR-LOG-ID="d2a79a86-6b5a-4126-99c1-18b58b7b3ae3" CLIENT-IP="68.154.17.16:1985" X-SITE-DEPLOYMENT-ID="fruits-api-app" WAS-DEFAULT-HOSTNAME="fruits-api-app.scm.azurewebsites.net" X-Forwarded-Proto="https" X-AppService-Proto="https" X-Forwarded-TlsVersion="1.3" X-WAWS-Unencoded-URL="/api/deployments/latest?deployer=GITHUB_ZIP_DEPLOY&amp;time=2025-06-09_08-10-31Z" X-Client-IP="68.154.17.16" X-Client-Port="1985" >
  <step title="Cleanup Xml Logs" date="2025-06-09T08:11:03.787" >
    <step title="Cleanup Infos" date="2025-06-09T08:11:03.814" totalFiles="390" totalCleanup="230" /><!-- duration: 2ms -->
  </step><!-- duration: 38ms -->
  <step title="DeploymentService.GetResult" date="2025-06-09T08:11:03.846" >
    <step title="DeploymentService.GetLatestDeployment" date="2025-06-09T08:11:03.856" >
      <step title="DeploymentManager.GetResults" date="2025-06-09T08:11:03.865" /><!-- duration: 654ms -->
      <step title="Deployment 98918a74-0fd8-4360-acfb-b7ba2d72b5c5 is Building" date="2025-06-09T08:11:04.521" /><!-- duration: 8ms -->
    </step><!-- duration: 675ms -->
  </step><!-- duration: 693ms -->
  <step title="Outgoing response" date="2025-06-09T08:11:04.549" type="response" statusCode="202" statusText="Accepted" /><!-- duration: 1ms -->
</step><!-- duration: 767ms -->
