<step title="Incoming Request" date="2025-06-08T23:54:45.927" instance="dc7a13" url="/api/deployments/latest?deployer=GITHUB_ZIP_DEPLOY&amp;time=2025-06-08_23-53-41Z" method="GET" type="request" pid="769,1,26" Host="fruits-api-app.scm.azurewebsites.net" User-Agent="GITHUBACTIONS_DeployWebAppToAzure_7c029dfbf870a064ce012f6b308985b52fe40d3c984a00ece1c501bd9048455a" Authorization="Bas..." Content-Type="application/json; charset=utf-8" Cookie="ARRAffinity=dc7a138dfcb63bce17254cc4321cf14c9178fc6ae4c339b927686049d314ddf6;Path=/;HttpOnly;Secure;Domain=fruits-api-app.scm.azurewebsites.net; ARRAffinitySameSite=dc7a138dfcb63bce17254cc4321cf14c9178fc6ae4c339b927686049d314ddf6;Path=/;HttpOnly;SameSite=None;Secure;Domain=fruits-api-app.scm.azurewebsites.net" Content-Length="0" X-ARR-LOG-ID="09e58dd9-d215-4019-b67d-e6902552f8a2" CLIENT-IP="13.83.11.136:1024" X-SITE-DEPLOYMENT-ID="fruits-api-app" WAS-DEFAULT-HOSTNAME="fruits-api-app.scm.azurewebsites.net" X-Forwarded-Proto="https" X-AppService-Proto="https" X-Forwarded-TlsVersion="1.3" X-WAWS-Unencoded-URL="/api/deployments/latest?deployer=GITHUB_ZIP_DEPLOY&amp;time=2025-06-08_23-53-41Z" X-Client-IP="13.83.11.136" X-Client-Port="1024" >
  <step title="Cleanup Xml Logs" date="2025-06-08T23:54:45.946" >
    <step title="Cleanup Infos" date="2025-06-08T23:54:45.998" totalFiles="280" totalCleanup="120" /><!-- duration: 18ms -->
  </step><!-- duration: 72ms -->
  <step title="DeploymentService.GetResult" date="2025-06-08T23:54:46.037" >
    <step title="DeploymentService.GetLatestDeployment" date="2025-06-08T23:54:46.046" >
      <step title="DeploymentManager.GetResults" date="2025-06-08T23:54:46.048" /><!-- duration: 359ms -->
      <step title="Deployment 5059e60b-a635-451f-958b-5b223ae529b8 is Building" date="2025-06-08T23:54:46.409" /><!-- duration: 8ms -->
    </step><!-- duration: 373ms -->
  </step><!-- duration: 390ms -->
  <step title="Outgoing response" date="2025-06-08T23:54:46.437" type="response" statusCode="202" statusText="Accepted" /><!-- duration: 2ms -->
</step><!-- duration: 530ms -->
