<step title="Incoming Request" date="2025-06-08T23:03:07.450" instance="dc7a13" url="/api/deployments/latest?deployer=GITHUB_ZIP_DEPLOY&amp;time=2025-06-08_23-03-00Z" method="GET" type="request" pid="769,1,22" Host="fruits-api-app.scm.azurewebsites.net" User-Agent="GITHUBACTIONS_DeployWebAppToAzure_7c029dfbf870a064ce012f6b308985b52fe40d3c984a00ece1c501bd9048455a" Authorization="Bas..." Content-Type="application/json; charset=utf-8" Cookie="ARRAffinity=dc7a138dfcb63bce17254cc4321cf14c9178fc6ae4c339b927686049d314ddf6;Path=/;HttpOnly;Secure;Domain=fruits-api-app.scm.azurewebsites.net; ARRAffinitySameSite=dc7a138dfcb63bce17254cc4321cf14c9178fc6ae4c339b927686049d314ddf6;Path=/;HttpOnly;SameSite=None;Secure;Domain=fruits-api-app.scm.azurewebsites.net" Content-Length="0" X-ARR-LOG-ID="dc0ec2bd-17f3-4420-9c22-9d8e8c1a758c" CLIENT-IP="13.64.190.167:1025" X-SITE-DEPLOYMENT-ID="fruits-api-app" WAS-DEFAULT-HOSTNAME="fruits-api-app.scm.azurewebsites.net" X-Forwarded-Proto="https" X-AppService-Proto="https" X-Forwarded-TlsVersion="1.3" X-WAWS-Unencoded-URL="/api/deployments/latest?deployer=GITHUB_ZIP_DEPLOY&amp;time=2025-06-08_23-03-00Z" X-Client-IP="13.64.190.167" X-Client-Port="1025" >
  <step title="Cleanup Xml Logs" date="2025-06-08T23:03:07.459" /><!-- duration: 19ms -->
  <step title="DeploymentService.GetResult" date="2025-06-08T23:03:07.490" >
    <step title="DeploymentService.GetLatestDeployment" date="2025-06-08T23:03:07.498" >
      <step title="DeploymentManager.GetResults" date="2025-06-08T23:03:07.500" /><!-- duration: 121ms -->
      <step title="Deployment temp-59936b57 is Pending" date="2025-06-08T23:03:07.623" /><!-- duration: 1ms -->
    </step><!-- duration: 128ms -->
  </step><!-- duration: 140ms -->
  <step title="Outgoing response" date="2025-06-08T23:03:07.649" type="response" statusCode="202" statusText="Accepted" /><!-- duration: 9ms -->
</step><!-- duration: 218ms -->
