<step title="Incoming Request" date="2025-06-09T08:01:03.292" instance="dc7a13" url="/api/zipdeploy?isAsync=true&amp;deployer=GITHUB_ZIP_DEPLOY&amp;message=%7B%22type%22%3A%22deployment%22%2C%22sha%22%3A%22c757ea61c22fd4d159896877e1a1012263256b11%22%2C%22repoName%22%3A%22sbeuran%2Fcastoredc-technical-assignment%22%2C%22actor%22%3A%22sbeuran%22%2C%22slotName%22%3A%22production%22%2C%22commitMessage%22%3A%22fix%3A%20use%20web.config%20for%20Windows%20web%20app%20deployment%22%7D" method="POST" type="request" pid="769,1,62" Host="fruits-api-app.scm.azurewebsites.net" User-Agent="GITHUBACTIONS_DeployWebAppToAzure_7c029dfbf870a064ce012f6b308985b52fe40d3c984a00ece1c501bd9048455a" Authorization="Bas..." Content-Type="application/octet-stream" Cookie="ARRAffinity=dc7a138dfcb63bce17254cc4321cf14c9178fc6ae4c339b927686049d314ddf6;Path=/;HttpOnly;Secure;Domain=fruits-api-app.scm.azurewebsites.net; ARRAffinitySameSite=dc7a138dfcb63bce17254cc4321cf14c9178fc6ae4c339b927686049d314ddf6;Path=/;HttpOnly;SameSite=None;Secure;Domain=fruits-api-app.scm.azurewebsites.net" Transfer-Encoding="chunked" X-ARR-LOG-ID="9c4ea459-61a2-496f-a28c-4e61f5e1446c" CLIENT-IP="13.67.176.49:1984" X-SITE-DEPLOYMENT-ID="fruits-api-app" WAS-DEFAULT-HOSTNAME="fruits-api-app.scm.azurewebsites.net" X-Forwarded-Proto="https" X-AppService-Proto="https" X-Forwarded-TlsVersion="1.3" X-WAWS-Unencoded-URL="/api/zipdeploy?isAsync=true&amp;deployer=GITHUB_ZIP_DEPLOY&amp;message=%7B%22type%22%3A%22deployment%22%2C%22sha%22%3A%22c757ea61c22fd4d159896877e1a1012263256b11%22%2C%22repoName%22%3A%22sbeuran%2Fcastoredc-technical-assignment%22%2C%22actor%22%3A%22sbeuran%22%2C%22slotName%22%3A%22production%22%2C%22commitMessage%22%3A%22fix%3A%20use%20web.config%20for%20Windows%20web%20app%20deployment%22%7D" X-Client-IP="13.67.176.49" X-Client-Port="1984" >
  <step title="ZipPushDeploy" date="2025-06-09T08:01:03.316" >
    <step title="ZipDeploy. Extract zip. Remote build." date="2025-06-09T08:01:03.327" /><!-- duration: 2ms -->
    <step title="Starting PushDeployAsync" date="2025-06-09T08:01:03.336" /><!-- duration: 2ms -->
    <step title="Writing artifact to /tmp/zipdeploy/aa262ef3-469d-4d5a-9f19-4f613fa530f4.zip" date="2025-06-09T08:01:03.349" >
      <step title="Writing multipart request body to /tmp/zipdeploy/aa262ef3-469d-4d5a-9f19-4f613fa530f4.zip" date="2025-06-09T08:01:03.351" /><!-- duration: 7ms -->
    </step><!-- duration: 50ms -->
    <step title="Removing previous build artifact&apos;s manifest file" date="2025-06-09T08:01:03.418" >
      <step title="Start deployment in the background" date="2025-06-09T08:01:03.451" >
        <step title="Acquiring Deployment Lock" date="2025-06-09T08:01:03.481" /><!-- duration: 4ms -->
        <step title="Acquired Deployment Lock" date="2025-06-09T08:01:03.536" /><!-- duration: 2ms -->
      </step><!-- duration: 167ms -->
    </step><!-- duration: 205ms -->
    <step title="Outgoing response" date="2025-06-09T08:01:03.627" type="response" statusCode="202" statusText="Accepted" /><!-- duration: 2ms -->
  </step><!-- duration: 314ms -->
