<step title="Incoming Request" date="2025-06-09T08:12:57.074" instance="dc7a13" url="/api/deployments/latest?deployer=GITHUB_ZIP_DEPLOY&amp;time=2025-06-09_08-10-31Z" method="GET" type="request" pid="769,1,51" Host="fruits-api-app.scm.azurewebsites.net" User-Agent="GITHUBACTIONS_DeployWebAppToAzure_7c029dfbf870a064ce012f6b308985b52fe40d3c984a00ece1c501bd9048455a" Authorization="Bas..." Content-Type="application/json; charset=utf-8" Cookie="ARRAffinity=dc7a138dfcb63bce17254cc4321cf14c9178fc6ae4c339b927686049d314ddf6;Path=/;HttpOnly;Secure;Domain=fruits-api-app.scm.azurewebsites.net; ARRAffinitySameSite=dc7a138dfcb63bce17254cc4321cf14c9178fc6ae4c339b927686049d314ddf6;Path=/;HttpOnly;SameSite=None;Secure;Domain=fruits-api-app.scm.azurewebsites.net" Content-Length="0" X-ARR-LOG-ID="fdb6c381-a8b6-4019-b721-e50135bbff90" CLIENT-IP="68.154.17.16:1984" X-SITE-DEPLOYMENT-ID="fruits-api-app" WAS-DEFAULT-HOSTNAME="fruits-api-app.scm.azurewebsites.net" X-Forwarded-Proto="https" X-AppService-Proto="https" X-Forwarded-TlsVersion="1.3" X-WAWS-Unencoded-URL="/api/deployments/latest?deployer=GITHUB_ZIP_DEPLOY&amp;time=2025-06-09_08-10-31Z" X-Client-IP="68.154.17.16" X-Client-Port="1984" >
  <step title="Cleanup Xml Logs" date="2025-06-09T08:12:57.082" >
    <step title="Cleanup Infos" date="2025-06-09T08:12:57.101" totalFiles="407" totalCleanup="247" /><!-- duration: 8ms -->
  </step><!-- duration: 36ms -->
  <step title="DeploymentService.GetResult" date="2025-06-09T08:12:57.130" >
    <step title="DeploymentService.GetLatestDeployment" date="2025-06-09T08:12:57.138" >
      <step title="DeploymentManager.GetResults" date="2025-06-09T08:12:57.141" /><!-- duration: 659ms -->
      <step title="Deployment 98918a74-0fd8-4360-acfb-b7ba2d72b5c5 is Building" date="2025-06-09T08:12:57.801" /><!-- duration: 9ms -->
    </step><!-- duration: 673ms -->
  </step><!-- duration: 689ms -->
  <step title="Outgoing response" date="2025-06-09T08:12:57.838" type="response" statusCode="202" statusText="Accepted" /><!-- duration: 2ms -->
</step><!-- duration: 775ms -->
