<step title="Incoming Request" date="2025-06-09T08:33:56.060" instance="dc7a13" url="/api/deployments/latest?deployer=GITHUB_ZIP_DEPLOY&amp;time=2025-06-09_08-31-25Z" method="GET" type="request" pid="769,1,49" Host="fruits-api-app.scm.azurewebsites.net" User-Agent="GITHUBACTIONS_DeployWebAppToAzure_7c029dfbf870a064ce012f6b308985b52fe40d3c984a00ece1c501bd9048455a" Authorization="Bas..." Content-Type="application/json; charset=utf-8" Cookie="ARRAffinity=dc7a138dfcb63bce17254cc4321cf14c9178fc6ae4c339b927686049d314ddf6;Path=/;HttpOnly;Secure;Domain=fruits-api-app.scm.azurewebsites.net; ARRAffinitySameSite=dc7a138dfcb63bce17254cc4321cf14c9178fc6ae4c339b927686049d314ddf6;Path=/;HttpOnly;SameSite=None;Secure;Domain=fruits-api-app.scm.azurewebsites.net" Content-Length="0" X-ARR-LOG-ID="4741a14c-38c3-44c6-af1f-e5b875d8dbba" CLIENT-IP="104.42.29.251:1985" X-SITE-DEPLOYMENT-ID="fruits-api-app" WAS-DEFAULT-HOSTNAME="fruits-api-app.scm.azurewebsites.net" X-Forwarded-Proto="https" X-AppService-Proto="https" X-Forwarded-TlsVersion="1.3" X-WAWS-Unencoded-URL="/api/deployments/latest?deployer=GITHUB_ZIP_DEPLOY&amp;time=2025-06-09_08-31-25Z" X-Client-IP="104.42.29.251" X-Client-Port="1985" >
  <step title="Cleanup Xml Logs" date="2025-06-09T08:33:56.062" >
    <step title="Cleanup Infos" date="2025-06-09T08:33:56.083" totalFiles="462" totalCleanup="302" /><!-- duration: 6ms -->
  </step><!-- duration: 28ms -->
  <step title="DeploymentService.GetResult" date="2025-06-09T08:33:56.102" >
    <step title="DeploymentService.GetLatestDeployment" date="2025-06-09T08:33:56.104" >
      <step title="DeploymentManager.GetResults" date="2025-06-09T08:33:56.111" /><!-- duration: 416ms -->
      <step title="Deployment temp-7245b335 is Pending" date="2025-06-09T08:33:56.530" /><!-- duration: 11ms -->
    </step><!-- duration: 440ms -->
  </step><!-- duration: 444ms -->
  <step title="Outgoing response" date="2025-06-09T08:33:56.549" type="response" statusCode="202" statusText="Accepted" /><!-- duration: 7ms -->
</step><!-- duration: 498ms -->
