<step title="Incoming Request" date="2025-06-08T23:39:47.953" instance="dc7a13" url="/api/deployments/latest?deployer=GITHUB_ZIP_DEPLOY&amp;time=2025-06-08_23-38-01Z" method="GET" type="request" pid="769,1,28" Host="fruits-api-app.scm.azurewebsites.net" User-Agent="GITHUBACTIONS_DeployWebAppToAzure_7c029dfbf870a064ce012f6b308985b52fe40d3c984a00ece1c501bd9048455a" Authorization="Bas..." Content-Type="application/json; charset=utf-8" Cookie="ARRAffinity=dc7a138dfcb63bce17254cc4321cf14c9178fc6ae4c339b927686049d314ddf6;Path=/;HttpOnly;Secure;Domain=fruits-api-app.scm.azurewebsites.net; ARRAffinitySameSite=dc7a138dfcb63bce17254cc4321cf14c9178fc6ae4c339b927686049d314ddf6;Path=/;HttpOnly;SameSite=None;Secure;Domain=fruits-api-app.scm.azurewebsites.net" Content-Length="0" X-ARR-LOG-ID="48a498f1-11e9-42d7-975e-1c8f99971e15" CLIENT-IP="20.51.141.180:14656" X-SITE-DEPLOYMENT-ID="fruits-api-app" WAS-DEFAULT-HOSTNAME="fruits-api-app.scm.azurewebsites.net" X-Forwarded-Proto="https" X-AppService-Proto="https" X-Forwarded-TlsVersion="1.3" X-WAWS-Unencoded-URL="/api/deployments/latest?deployer=GITHUB_ZIP_DEPLOY&amp;time=2025-06-08_23-38-01Z" X-Client-IP="20.51.141.180" X-Client-Port="14656" >
  <step title="Cleanup Xml Logs" date="2025-06-08T23:39:47.956" >
    <step title="Cleanup Infos" date="2025-06-08T23:39:47.986" totalFiles="206" totalCleanup="46" /><!-- duration: 8ms -->
  </step><!-- duration: 40ms -->
  <step title="DeploymentService.GetResult" date="2025-06-08T23:39:48.015" >
    <step title="DeploymentService.GetLatestDeployment" date="2025-06-08T23:39:48.016" >
      <step title="DeploymentManager.GetResults" date="2025-06-08T23:39:48.025" /><!-- duration: 212ms -->
      <step title="Deployment a2a013ff-1322-49fe-9551-530f0f6079a0 is Building" date="2025-06-08T23:39:48.244" /><!-- duration: 1ms -->
    </step><!-- duration: 231ms -->
  </step><!-- duration: 250ms -->
  <step title="Outgoing response" date="2025-06-08T23:39:48.275" type="response" statusCode="202" statusText="Accepted" /><!-- duration: 1ms -->
</step><!-- duration: 332ms -->
