<step title="Incoming Request" date="2025-06-08T23:39:53.659" instance="dc7a13" url="/api/deployments/latest?deployer=GITHUB_ZIP_DEPLOY&amp;time=2025-06-08_23-38-01Z" method="GET" type="request" pid="769,1,19" Host="fruits-api-app.scm.azurewebsites.net" User-Agent="GITHUBACTIONS_DeployWebAppToAzure_7c029dfbf870a064ce012f6b308985b52fe40d3c984a00ece1c501bd9048455a" Authorization="Bas..." Content-Type="application/json; charset=utf-8" Cookie="ARRAffinity=dc7a138dfcb63bce17254cc4321cf14c9178fc6ae4c339b927686049d314ddf6;Path=/;HttpOnly;Secure;Domain=fruits-api-app.scm.azurewebsites.net; ARRAffinitySameSite=dc7a138dfcb63bce17254cc4321cf14c9178fc6ae4c339b927686049d314ddf6;Path=/;HttpOnly;SameSite=None;Secure;Domain=fruits-api-app.scm.azurewebsites.net" Content-Length="0" X-ARR-LOG-ID="90ea736b-9d68-44c6-8c25-07f124c88886" CLIENT-IP="20.51.141.180:14658" X-SITE-DEPLOYMENT-ID="fruits-api-app" WAS-DEFAULT-HOSTNAME="fruits-api-app.scm.azurewebsites.net" X-Forwarded-Proto="https" X-AppService-Proto="https" X-Forwarded-TlsVersion="1.3" X-WAWS-Unencoded-URL="/api/deployments/latest?deployer=GITHUB_ZIP_DEPLOY&amp;time=2025-06-08_23-38-01Z" X-Client-IP="20.51.141.180" X-Client-Port="14658" >
  <step title="Cleanup Xml Logs" date="2025-06-08T23:39:53.677" >
    <step title="Cleanup Infos" date="2025-06-08T23:39:53.719" totalFiles="207" totalCleanup="47" /><!-- duration: 17ms -->
  </step><!-- duration: 69ms -->
  <step title="DeploymentService.GetResult" date="2025-06-08T23:39:53.780" >
    <step title="DeploymentService.GetLatestDeployment" date="2025-06-08T23:39:53.797" >
      <step title="DeploymentManager.GetResults" date="2025-06-08T23:39:53.808" /><!-- duration: 1357ms -->
      <step title="Deployment temp-d450826b is Pending" date="2025-06-08T23:39:55.174" /><!-- duration: 8ms -->
    </step><!-- duration: 1396ms -->
  </step><!-- duration: 1442ms -->
  <step title="Outgoing response" date="2025-06-08T23:39:55.252" type="response" statusCode="202" statusText="Accepted" /><!-- duration: 2ms -->
</step><!-- duration: 1603ms -->
