<step title="Incoming Request" date="2025-06-08T23:38:08.651" instance="dc7a13" url="/api/deployments/latest?deployer=GITHUB_ZIP_DEPLOY&amp;time=2025-06-08_23-38-01Z" method="GET" type="request" pid="769,1,26" Host="fruits-api-app.scm.azurewebsites.net" User-Agent="GITHUBACTIONS_DeployWebAppToAzure_7c029dfbf870a064ce012f6b308985b52fe40d3c984a00ece1c501bd9048455a" Authorization="Bas..." Content-Type="application/json; charset=utf-8" Cookie="ARRAffinity=dc7a138dfcb63bce17254cc4321cf14c9178fc6ae4c339b927686049d314ddf6;Path=/;HttpOnly;Secure;Domain=fruits-api-app.scm.azurewebsites.net; ARRAffinitySameSite=dc7a138dfcb63bce17254cc4321cf14c9178fc6ae4c339b927686049d314ddf6;Path=/;HttpOnly;SameSite=None;Secure;Domain=fruits-api-app.scm.azurewebsites.net" Content-Length="0" X-ARR-LOG-ID="f83004cc-bb5b-4729-8bda-bf07f462e797" CLIENT-IP="20.51.141.180:14657" X-SITE-DEPLOYMENT-ID="fruits-api-app" WAS-DEFAULT-HOSTNAME="fruits-api-app.scm.azurewebsites.net" X-Forwarded-Proto="https" X-AppService-Proto="https" X-Forwarded-TlsVersion="1.3" X-WAWS-Unencoded-URL="/api/deployments/latest?deployer=GITHUB_ZIP_DEPLOY&amp;time=2025-06-08_23-38-01Z" X-Client-IP="20.51.141.180" X-Client-Port="14657" >
  <step title="Cleanup Xml Logs" date="2025-06-08T23:38:08.659" /><!-- duration: 12ms -->
  <step title="DeploymentService.GetResult" date="2025-06-08T23:38:08.691" >
    <step title="DeploymentService.GetLatestDeployment" date="2025-06-08T23:38:08.701" >
      <step title="DeploymentManager.GetResults" date="2025-06-08T23:38:08.720" /><!-- duration: 284ms -->
      <step title="Deployment a2a013ff-1322-49fe-9551-530f0f6079a0 is Building" date="2025-06-08T23:38:09.015" /><!-- duration: 18ms -->
    </step><!-- duration: 404ms -->
  </step><!-- duration: 432ms -->
  <step title="Outgoing response" date="2025-06-08T23:38:09.224" type="response" statusCode="202" statusText="Accepted" /><!-- duration: 29ms -->
</step><!-- duration: 606ms -->
