<step title="Incoming Request" date="2025-06-08T23:32:59.346" instance="dc7a13" url="/api/zipdeploy?isAsync=true&amp;deployer=GITHUB_ZIP_DEPLOY&amp;message=%7B%22type%22%3A%22deployment%22%2C%22sha%22%3A%22889ae8ddcc130c492d85ab9aca3133f42fcae89e%22%2C%22repoName%22%3A%22sbeuran%2Fcastoredc-technical-assignment%22%2C%22actor%22%3A%22sbeuran%22%2C%22slotName%22%3A%22production%22%2C%22commitMessage%22%3A%22fix%3A%20use%20web.config%20for%20Python%20configuration%5Cn%5Cn-%20Added%20FastCGI%20handler%20for%20Python%5Cn-%20Configured%20Python%20startup%20in%20web.config%5Cn-%20Removed%20startup-command%20parameter%5Cn-%20Added%20URL%20rewrite%20rules%22%7D" method="POST" type="request" pid="769,1,3" Host="fruits-api-app.scm.azurewebsites.net" User-Agent="GITHUBACTIONS_DeployWebAppToAzure_7c029dfbf870a064ce012f6b308985b52fe40d3c984a00ece1c501bd9048455a" Authorization="Bas..." Content-Type="application/octet-stream" Cookie="ARRAffinity=dc7a138dfcb63bce17254cc4321cf14c9178fc6ae4c339b927686049d314ddf6;Path=/;HttpOnly;Secure;Domain=fruits-api-app.scm.azurewebsites.net; ARRAffinitySameSite=dc7a138dfcb63bce17254cc4321cf14c9178fc6ae4c339b927686049d314ddf6;Path=/;HttpOnly;SameSite=None;Secure;Domain=fruits-api-app.scm.azurewebsites.net" Transfer-Encoding="chunked" X-ARR-LOG-ID="7e05ed8c-0ec6-4c61-b3e8-8cd0d245e3dd" CLIENT-IP="52.254.4.6:1024" X-SITE-DEPLOYMENT-ID="fruits-api-app" WAS-DEFAULT-HOSTNAME="fruits-api-app.scm.azurewebsites.net" X-Forwarded-Proto="https" X-AppService-Proto="https" X-Forwarded-TlsVersion="1.3" X-WAWS-Unencoded-URL="/api/zipdeploy?isAsync=true&amp;deployer=GITHUB_ZIP_DEPLOY&amp;message=%7B%22type%22%3A%22deployment%22%2C%22sha%22%3A%22889ae8ddcc130c492d85ab9aca3133f42fcae89e%22%2C%22repoName%22%3A%22sbeuran%2Fcastoredc-technical-assignment%22%2C%22actor%22%3A%22sbeuran%22%2C%22slotName%22%3A%22production%22%2C%22commitMessage%22%3A%22fix%3A%20use%20web.config%20for%20Python%20configuration%5Cn%5Cn-%20Added%20FastCGI%20handler%20for%20Python%5Cn-%20Configured%20Python%20startup%20in%20web.config%5Cn-%20Removed%20startup-command%20parameter%5Cn-%20Added%20URL%20rewrite%20rules%22%7D" X-Client-IP="52.254.4.6" X-Client-Port="1024" >
  <step title="ZipPushDeploy" date="2025-06-08T23:32:59.355" >
    <step title="ZipDeploy. Extract zip. Remote build." date="2025-06-08T23:32:59.367" /><!-- duration: 1ms -->
    <step title="Starting PushDeployAsync" date="2025-06-08T23:32:59.371" /><!-- duration: 1ms -->
    <step title="Writing artifact to /tmp/zipdeploy/92418812-5395-41be-8e0e-21dc7ca790f4.zip" date="2025-06-08T23:32:59.379" >
      <step title="Writing multipart request body to /tmp/zipdeploy/92418812-5395-41be-8e0e-21dc7ca790f4.zip" date="2025-06-08T23:32:59.385" /><!-- duration: 10ms -->
    </step><!-- duration: 25ms -->
    <step title="Start deployment in the background" date="2025-06-08T23:32:59.417" >
      <step title="Acquiring Deployment Lock" date="2025-06-08T23:32:59.486" /><!-- duration: 40ms -->
      <step title="Acquired Deployment Lock" date="2025-06-08T23:32:59.578" /><!-- duration: 18ms -->
    </step><!-- duration: 243ms -->
  </step><!-- duration: 307ms -->
  <step title="Outgoing response" date="2025-06-08T23:32:59.666" type="response" statusCode="202" statusText="Accepted" /><!-- duration: 1ms -->
</step><!-- duration: 324ms -->
