<step title="BackgroundTrace" date="2025-06-08T23:57:43.628" instance="dc7a13" url="/api/zipdeploy" method="POST" >
  <step title="Creating temporary deployment - FetchDeploymentManager" date="2025-06-08T23:57:43.710" /><!-- duration: 1ms -->
  <step title="Creating temporary deployment" date="2025-06-08T23:57:43.716" /><!-- duration: 42ms -->
  <step title="Performing fetch based deployment" date="2025-06-08T23:57:43.773" >
    <step title="Cleaning up temp folders from previous zip deployments and extracting pushed zip file /tmp/zipdeploy/037ac63a-83ac-43e1-bb77-f0ed8c84f223.zip (0.02 MB) to /tmp/zipdeploy/extracted" date="2025-06-08T23:57:44.889" >
      <step title="ChmodRecursive Process exited with total time taken in ms: 88" date="2025-06-08T23:57:45.037" /><!-- duration: 2ms -->
    </step><!-- duration: 157ms -->
    <step title="Deployment timer started" date="2025-06-08T23:57:47.060" >
      <step title="DeploymentManager.Deploy(id:f8e2895f-2cf9-4373-a077-2f3e52a65aed)" date="2025-06-08T23:57:47.067" >
        <step title="Collecting changeset information" date="2025-06-08T23:57:47.087" /><!-- duration: 131ms -->
        <step title="Updating submodules" date="2025-06-08T23:57:47.227" /><!-- duration: 1111ms -->
        <step title="Determining deployment builder" date="2025-06-08T23:57:48.486" >
          <step title="Builder is OryxBuilder" date="2025-06-08T23:57:48.527" /><!-- duration: 8ms -->
        </step><!-- duration: 59ms -->
        <step title="PreDeployment: context.CleanOutputPath False" date="2025-06-08T23:57:48.606" >
          <step title="PreDeployment: context.OutputPath /home/site/wwwroot" date="2025-06-08T23:57:48.714" >
            <step title="Building" date="2025-06-08T23:57:48.895" >
              <step title="Executing external process" date="2025-06-08T23:57:49.133" type="process" path="bash" arguments="-c &quot;oryx build /tmp/zipdeploy/extracted -o /home/site/wwwroot --platform python --platform-version 3.11 -p virtualenv_name=antenv --log-file /tmp/build-debug.log  -i /tmp/8dda6e845857f42 --compress-destination-dir | tee /tmp/oryx-build.log ; exit $PIPESTATUS &quot;" /><!-- duration: 115492ms -->
              <step title="Using PythonDeploymentLogParser" date="2025-06-08T23:59:44.922" /><!-- duration: 2ms -->
              <step title="Triggering recycle (preview mode disabled)." date="2025-06-08T23:59:45.665" /><!-- duration: 12ms -->
              <step title="Modified file to trigger a restart of the app container." date="2025-06-08T23:59:45.698" /><!-- duration: 1ms -->
              <step title="Skip function trigger and logicapp sync because function is not enabled." date="2025-06-08T23:59:45.703" /><!-- duration: 2ms -->
            </step><!-- duration: 117584ms -->
          </step><!-- duration: 117767ms -->
          <step title="Cleaning up temp files" date="2025-06-08T23:59:46.482" /><!-- duration: 2022ms -->
          <step title="Cleaning up temp files" date="2025-06-08T23:59:48.514" /><!-- duration: 532ms -->
          <step title="Reloading status file with latest updates" date="2025-06-08T23:59:49.073" >
            <step title="WebHooksManager.PublishEventAsync: PostDeployment" date="2025-06-08T23:59:49.080" /><!-- duration: 48ms -->
          </step><!-- duration: 58ms -->
          <step title="Cleaning up temporary deployment - fetch deployment was successful" date="2025-06-08T23:59:49.140" /><!-- duration: 1ms -->
        </step><!-- duration: 120574ms -->
      </step><!-- duration: 122121ms -->
