<step title="Incoming Request" date="2025-06-08T23:46:09.866" instance="dc7a13" url="/api/zipdeploy?isAsync=true&amp;deployer=GITHUB_ZIP_DEPLOY&amp;message=%7B%22type%22%3A%22deployment%22%2C%22sha%22%3A%229e8dcc8642bb3dfbe144d566eb2c91064ef7ffb1%22%2C%22repoName%22%3A%22sbeuran%2Fcastoredc-technical-assignment%22%2C%22actor%22%3A%22sbeuran%22%2C%22slotName%22%3A%22production%22%2C%22commitMessage%22%3A%22fix%3A%20simplify%20Azure%20deployment%20configuration%5Cn%5Cn-%20Simplified%20web.config%20to%20use%20httpPlatformHandler%5Cn-%20Added%20startup.txt%20with%20Python%20command%5Cn-%20Updated%20deployment%20workflow%5Cn-%20Pre-installed%20dependencies%20in%20package%22%7D" method="POST" type="request" pid="769,1,22" Host="fruits-api-app.scm.azurewebsites.net" User-Agent="GITHUBACTIONS_DeployWebAppToAzure_7c029dfbf870a064ce012f6b308985b52fe40d3c984a00ece1c501bd9048455a" Authorization="Bas..." Content-Type="application/octet-stream" Cookie="ARRAffinity=dc7a138dfcb63bce17254cc4321cf14c9178fc6ae4c339b927686049d314ddf6;Path=/;HttpOnly;Secure;Domain=fruits-api-app.scm.azurewebsites.net; ARRAffinitySameSite=dc7a138dfcb63bce17254cc4321cf14c9178fc6ae4c339b927686049d314ddf6;Path=/;HttpOnly;SameSite=None;Secure;Domain=fruits-api-app.scm.azurewebsites.net" Transfer-Encoding="chunked" X-ARR-LOG-ID="28b05be4-e3cd-4df8-af23-dc2f89a2ec6f" CLIENT-IP="20.42.45.90:24640" X-SITE-DEPLOYMENT-ID="fruits-api-app" WAS-DEFAULT-HOSTNAME="fruits-api-app.scm.azurewebsites.net" X-Forwarded-Proto="https" X-AppService-Proto="https" X-Forwarded-TlsVersion="1.3" X-WAWS-Unencoded-URL="/api/zipdeploy?isAsync=true&amp;deployer=GITHUB_ZIP_DEPLOY&amp;message=%7B%22type%22%3A%22deployment%22%2C%22sha%22%3A%229e8dcc8642bb3dfbe144d566eb2c91064ef7ffb1%22%2C%22repoName%22%3A%22sbeuran%2Fcastoredc-technical-assignment%22%2C%22actor%22%3A%22sbeuran%22%2C%22slotName%22%3A%22production%22%2C%22commitMessage%22%3A%22fix%3A%20simplify%20Azure%20deployment%20configuration%5Cn%5Cn-%20Simplified%20web.config%20to%20use%20httpPlatformHandler%5Cn-%20Added%20startup.txt%20with%20Python%20command%5Cn-%20Updated%20deployment%20workflow%5Cn-%20Pre-installed%20dependencies%20in%20package%22%7D" X-Client-IP="20.42.45.90" X-Client-Port="24640" >
  <step title="ZipPushDeploy" date="2025-06-08T23:46:09.882" >
    <step title="ZipDeploy. Extract zip. Remote build." date="2025-06-08T23:46:09.901" /><!-- duration: 1ms -->
    <step title="Starting PushDeployAsync" date="2025-06-08T23:46:09.930" /><!-- duration: 2ms -->
    <step title="Writing artifact to /tmp/zipdeploy/bc94c048-9af4-4ec2-9deb-d2e0cefb1d08.zip" date="2025-06-08T23:46:09.956" >
      <step title="Writing multipart request body to /tmp/zipdeploy/bc94c048-9af4-4ec2-9deb-d2e0cefb1d08.zip" date="2025-06-08T23:46:09.962" /><!-- duration: 10ms -->
    </step><!-- duration: 47ms -->
    <step title="Removing previous build artifact&apos;s manifest file" date="2025-06-08T23:46:10.041" >
      <step title="Start deployment in the background" date="2025-06-08T23:46:10.101" >
        <step title="Acquiring Deployment Lock" date="2025-06-08T23:46:10.224" /><!-- duration: 11ms -->
        <step title="Acquired Deployment Lock" date="2025-06-08T23:46:10.265" /><!-- duration: 7ms -->
      </step><!-- duration: 244ms -->
    </step><!-- duration: 308ms -->
    <step title="Outgoing response" date="2025-06-08T23:46:10.352" type="response" statusCode="202" statusText="Accepted" /><!-- duration: 2ms -->
  </step><!-- duration: 474ms -->
