<step title="BackgroundTrace" date="2025-06-09T00:03:37.636" instance="dc7a13" url="/api/zipdeploy" method="POST" >
  <step title="Creating temporary deployment - FetchDeploymentManager" date="2025-06-09T00:03:37.675" /><!-- duration: 2ms -->
  <step title="Creating temporary deployment" date="2025-06-09T00:03:37.679" /><!-- duration: 35ms -->
  <step title="Performing fetch based deployment" date="2025-06-09T00:03:37.745" >
    <step title="Cleaning up temp folders from previous zip deployments and extracting pushed zip file /tmp/zipdeploy/2b2441cb-0b49-4b5c-9896-d535cf3c6588.zip (0.02 MB) to /tmp/zipdeploy/extracted" date="2025-06-09T00:03:38.845" >
      <step title="ChmodRecursive Process exited with total time taken in ms: 59" date="2025-06-09T00:03:38.982" /><!-- duration: 9ms -->
    </step><!-- duration: 156ms -->
    <step title="Deployment timer started" date="2025-06-09T00:03:41.053" >
      <step title="DeploymentManager.Deploy(id:5e3b03e0-c469-4cb8-a906-f5e266aa1983)" date="2025-06-09T00:03:41.061" >
        <step title="Collecting changeset information" date="2025-06-09T00:03:41.082" /><!-- duration: 111ms -->
        <step title="Updating submodules" date="2025-06-09T00:03:41.196" /><!-- duration: 1084ms -->
        <step title="Determining deployment builder" date="2025-06-09T00:03:42.450" >
          <step title="Builder is OryxBuilder" date="2025-06-09T00:03:42.479" /><!-- duration: 9ms -->
        </step><!-- duration: 41ms -->
        <step title="PreDeployment: context.CleanOutputPath False" date="2025-06-09T00:03:42.569" >
          <step title="PreDeployment: context.OutputPath /home/site/wwwroot" date="2025-06-09T00:03:42.679" >
            <step title="Building" date="2025-06-09T00:03:42.791" >
              <step title="Executing external process" date="2025-06-09T00:03:43.083" type="process" path="bash" arguments="-c &quot;oryx build /tmp/zipdeploy/extracted -o /home/site/wwwroot --platform python --platform-version 3.11 -p virtualenv_name=antenv --log-file /tmp/build-debug.log  -i /tmp/8dda6e9188002dc --compress-destination-dir | tee /tmp/oryx-build.log ; exit $PIPESTATUS &quot;" /><!-- duration: 107208ms -->
              <step title="Using PythonDeploymentLogParser" date="2025-06-09T00:05:30.724" /><!-- duration: 2ms -->
              <step title="Triggering recycle (preview mode disabled)." date="2025-06-09T00:05:31.807" /><!-- duration: 12ms -->
              <step title="Modified file to trigger a restart of the app container." date="2025-06-09T00:05:31.858" /><!-- duration: 8ms -->
              <step title="Skip function trigger and logicapp sync because function is not enabled." date="2025-06-09T00:05:31.877" /><!-- duration: 2ms -->
            </step><!-- duration: 109873ms -->
          </step><!-- duration: 109988ms -->
          <step title="Cleaning up temp files" date="2025-06-09T00:05:32.668" /><!-- duration: 1974ms -->
          <step title="Cleaning up temp files" date="2025-06-09T00:05:34.651" /><!-- duration: 511ms -->
          <step title="Reloading status file with latest updates" date="2025-06-09T00:05:35.223" >
            <step title="WebHooksManager.PublishEventAsync: PostDeployment" date="2025-06-09T00:05:35.241" /><!-- duration: 90ms -->
          </step><!-- duration: 110ms -->
          <step title="Cleaning up temporary deployment - fetch deployment was successful" date="2025-06-09T00:05:35.363" /><!-- duration: 9ms -->
        </step><!-- duration: 113121ms -->
      </step><!-- duration: 114645ms -->
