<step title="Incoming Request" date="2025-06-09T08:31:31.891" instance="dc7a13" url="/api/deployments/latest?deployer=GITHUB_ZIP_DEPLOY&amp;time=2025-06-09_08-31-25Z" method="GET" type="request" pid="769,1,59" Host="fruits-api-app.scm.azurewebsites.net" User-Agent="GITHUBACTIONS_DeployWebAppToAzure_7c029dfbf870a064ce012f6b308985b52fe40d3c984a00ece1c501bd9048455a" Authorization="Bas..." Content-Type="application/json; charset=utf-8" Cookie="ARRAffinity=dc7a138dfcb63bce17254cc4321cf14c9178fc6ae4c339b927686049d314ddf6;Path=/;HttpOnly;Secure;Domain=fruits-api-app.scm.azurewebsites.net; ARRAffinitySameSite=dc7a138dfcb63bce17254cc4321cf14c9178fc6ae4c339b927686049d314ddf6;Path=/;HttpOnly;SameSite=None;Secure;Domain=fruits-api-app.scm.azurewebsites.net" Content-Length="0" X-ARR-LOG-ID="8b0937ef-1c91-4979-8686-5e8717245d46" CLIENT-IP="104.42.29.251:1985" X-SITE-DEPLOYMENT-ID="fruits-api-app" WAS-DEFAULT-HOSTNAME="fruits-api-app.scm.azurewebsites.net" X-Forwarded-Proto="https" X-AppService-Proto="https" X-Forwarded-TlsVersion="1.3" X-WAWS-Unencoded-URL="/api/deployments/latest?deployer=GITHUB_ZIP_DEPLOY&amp;time=2025-06-09_08-31-25Z" X-Client-IP="104.42.29.251" X-Client-Port="1985" >
  <step title="Cleanup Xml Logs" date="2025-06-09T08:31:31.893" >
    <step title="Cleanup Infos" date="2025-06-09T08:31:31.942" totalFiles="442" totalCleanup="282" /><!-- duration: 30ms -->
  </step><!-- duration: 100ms -->
  <step title="DeploymentService.GetResult" date="2025-06-09T08:31:32.023" >
    <step title="DeploymentService.GetLatestDeployment" date="2025-06-09T08:31:32.024" >
      <step title="DeploymentManager.GetResults" date="2025-06-09T08:31:32.044" /><!-- duration: 841ms -->
      <step title="Deployment 394e3c45-840d-42ce-acd6-4235f638c26c is Building" date="2025-06-09T08:31:32.887" /><!-- duration: 9ms -->
    </step><!-- duration: 882ms -->
  </step><!-- duration: 885ms -->
  <step title="Outgoing response" date="2025-06-09T08:31:32.935" type="response" statusCode="202" statusText="Accepted" /><!-- duration: 2ms -->
</step><!-- duration: 1054ms -->
