<step title="Incoming Request" date="2025-06-09T09:21:00.899" instance="dc7a13" url="/api/deployments/latest?deployer=GITHUB_ZIP_DEPLOY&amp;time=2025-06-09_09-21-00Z" method="GET" type="request" pid="770,1,7" Host="fruits-api-app.scm.azurewebsites.net" User-Agent="GITHUBACTIONS_DeployWebAppToAzure_7c029dfbf870a064ce012f6b308985b52fe40d3c984a00ece1c501bd9048455a" Authorization="Bas..." Content-Type="application/json; charset=utf-8" Cookie="ARRAffinity=dc7a138dfcb63bce17254cc4321cf14c9178fc6ae4c339b927686049d314ddf6;Path=/;HttpOnly;Secure;Domain=fruits-api-app.scm.azurewebsites.net; ARRAffinitySameSite=dc7a138dfcb63bce17254cc4321cf14c9178fc6ae4c339b927686049d314ddf6;Path=/;HttpOnly;SameSite=None;Secure;Domain=fruits-api-app.scm.azurewebsites.net" Content-Length="0" X-ARR-LOG-ID="857bb3ee-5f23-4b97-9a00-ced28642ea7c" CLIENT-IP="13.67.140.169:1984" X-SITE-DEPLOYMENT-ID="fruits-api-app" WAS-DEFAULT-HOSTNAME="fruits-api-app.scm.azurewebsites.net" X-Forwarded-Proto="https" X-AppService-Proto="https" X-Forwarded-TlsVersion="1.3" X-WAWS-Unencoded-URL="/api/deployments/latest?deployer=GITHUB_ZIP_DEPLOY&amp;time=2025-06-09_09-21-00Z" X-Client-IP="13.67.140.169" X-Client-Port="1984" >
  <step title="Cleanup Xml Logs" date="2025-06-09T09:21:00.901" >
    <step title="Cleanup Infos" date="2025-06-09T09:21:00.911" totalFiles="489" totalCleanup="329" /><!-- duration: 2ms -->
  </step><!-- duration: 14ms -->
  <step title="DeploymentService.GetResult" date="2025-06-09T09:21:00.990" >
    <step title="DeploymentService.GetLatestDeployment" date="2025-06-09T09:21:00.992" >
      <step title="DeploymentManager.GetResults" date="2025-06-09T09:21:00.994" /><!-- duration: 436ms -->
      <step title="Deployment temp-1068585a is Pending" date="2025-06-09T09:21:01.432" /><!-- duration: 1ms -->
    </step><!-- duration: 443ms -->
  </step><!-- duration: 447ms -->
  <step title="Outgoing response" date="2025-06-09T09:21:01.502" type="response" statusCode="202" statusText="Accepted" /><!-- duration: 2ms -->
</step><!-- duration: 612ms -->
