<step title="BackgroundTrace" date="2025-06-08T23:46:10.162" instance="dc7a13" url="/api/zipdeploy" method="POST" >
  <step title="Creating temporary deployment - FetchDeploymentManager" date="2025-06-08T23:46:10.274" /><!-- duration: 2ms -->
  <step title="Creating temporary deployment" date="2025-06-08T23:46:10.285" /><!-- duration: 59ms -->
  <step title="Performing fetch based deployment" date="2025-06-08T23:46:10.372" >
    <step title="Cleaning up temp folders from previous zip deployments and extracting pushed zip file /tmp/zipdeploy/bc94c048-9af4-4ec2-9deb-d2e0cefb1d08.zip (0.02 MB) to /tmp/zipdeploy/extracted" date="2025-06-08T23:46:11.508" >
      <step title="ChmodRecursive Process exited with total time taken in ms: 121" date="2025-06-08T23:46:11.699" /><!-- duration: 13ms -->
    </step><!-- duration: 210ms -->
    <step title="Deployment timer started" date="2025-06-08T23:46:13.740" >
      <step title="DeploymentManager.Deploy(id:1c02c0ee-81d5-4c82-9e80-576be73a4239)" date="2025-06-08T23:46:13.751" >
        <step title="Collecting changeset information" date="2025-06-08T23:46:13.809" /><!-- duration: 119ms -->
        <step title="Updating submodules" date="2025-06-08T23:46:13.939" /><!-- duration: 1102ms -->
        <step title="Determining deployment builder" date="2025-06-08T23:46:15.199" >
          <step title="Builder is OryxBuilder" date="2025-06-08T23:46:15.231" /><!-- duration: 5ms -->
        </step><!-- duration: 45ms -->
        <step title="PreDeployment: context.CleanOutputPath False" date="2025-06-08T23:46:15.279" >
          <step title="PreDeployment: context.OutputPath /home/site/wwwroot" date="2025-06-08T23:46:15.375" >
            <step title="Building" date="2025-06-08T23:46:15.450" >
              <step title="Executing external process" date="2025-06-08T23:46:15.665" type="process" path="bash" arguments="-c &quot;oryx build /tmp/zipdeploy/extracted -o /home/site/wwwroot --platform python --platform-version 3.11 -p virtualenv_name=antenv --log-file /tmp/build-debug.log  -i /tmp/8dda6e6a848263b --compress-destination-dir | tee /tmp/oryx-build.log ; exit $PIPESTATUS &quot;" >
                <step title="Cpu: python(2516,30.520s)+ts(2517,0.140s)+build.sh(2515,0.000s)+build.sh(2513,0.000s)+build.sh(2429,0.030s)+oryx(2411,3.460s)+tee(2412,0.000s)+bash(2410,0.000s)=total(34.130s)" date="2025-06-08T23:47:45.806" /><!-- duration: 69ms -->
                <step title="bash: no io activity for 61s, prev-cpu=-1.000s, current-cpu=34.130s" date="2025-06-08T23:47:45.905" /><!-- duration: 41ms -->
              </step><!-- duration: 137650ms -->
              <step title="Using PythonDeploymentLogParser" date="2025-06-08T23:48:33.637" /><!-- duration: 9ms -->
              <step title="Triggering recycle (preview mode disabled)." date="2025-06-08T23:48:34.558" /><!-- duration: 12ms -->
              <step title="Modified file to trigger a restart of the app container." date="2025-06-08T23:48:34.598" /><!-- duration: 1ms -->
              <step title="Skip function trigger and logicapp sync because function is not enabled." date="2025-06-08T23:48:34.608" /><!-- duration: 2ms -->
            </step><!-- duration: 139766ms -->
          </step><!-- duration: 139844ms -->
          <step title="Cleaning up temp files" date="2025-06-08T23:48:35.221" /><!-- duration: 2023ms -->
          <step title="Cleaning up temp files" date="2025-06-08T23:48:37.246" /><!-- duration: 522ms -->
          <step title="Reloading status file with latest updates" date="2025-06-08T23:48:37.809" >
            <step title="WebHooksManager.PublishEventAsync: PostDeployment" date="2025-06-08T23:48:37.828" /><!-- duration: 54ms -->
          </step><!-- duration: 74ms -->
          <step title="Cleaning up temporary deployment - fetch deployment was successful" date="2025-06-08T23:48:37.891" /><!-- duration: 9ms -->
        </step><!-- duration: 142721ms -->
      </step><!-- duration: 144279ms -->
