<step title="Incoming Request" date="2025-06-08T23:53:41.437" instance="dc7a13" url="/api/zipdeploy?isAsync=true&amp;deployer=GITHUB_ZIP_DEPLOY&amp;message=%7B%22type%22%3A%22deployment%22%2C%22sha%22%3A%2243bc940764ddb479213489e0a8bcea50e56d6d6e%22%2C%22repoName%22%3A%22sbeuran%2Fcastoredc-technical-assignment%22%2C%22actor%22%3A%22sbeuran%22%2C%22slotName%22%3A%22production%22%2C%22commitMessage%22%3A%22fix%3A%20update%20deployment%20configuration%20for%20Windows%20web%20app%22%7D" method="POST" type="request" pid="769,1,33" Host="fruits-api-app.scm.azurewebsites.net" User-Agent="GITHUBACTIONS_DeployWebAppToAzure_7c029dfbf870a064ce012f6b308985b52fe40d3c984a00ece1c501bd9048455a" Authorization="Bas..." Content-Type="application/octet-stream" Cookie="ARRAffinity=dc7a138dfcb63bce17254cc4321cf14c9178fc6ae4c339b927686049d314ddf6;Path=/;HttpOnly;Secure;Domain=fruits-api-app.scm.azurewebsites.net; ARRAffinitySameSite=dc7a138dfcb63bce17254cc4321cf14c9178fc6ae4c339b927686049d314ddf6;Path=/;HttpOnly;SameSite=None;Secure;Domain=fruits-api-app.scm.azurewebsites.net" Transfer-Encoding="chunked" X-ARR-LOG-ID="600ce9bd-a72b-46a8-b5cf-15954f0b913b" CLIENT-IP="13.83.11.136:1024" X-SITE-DEPLOYMENT-ID="fruits-api-app" WAS-DEFAULT-HOSTNAME="fruits-api-app.scm.azurewebsites.net" X-Forwarded-Proto="https" X-AppService-Proto="https" X-Forwarded-TlsVersion="1.3" X-WAWS-Unencoded-URL="/api/zipdeploy?isAsync=true&amp;deployer=GITHUB_ZIP_DEPLOY&amp;message=%7B%22type%22%3A%22deployment%22%2C%22sha%22%3A%2243bc940764ddb479213489e0a8bcea50e56d6d6e%22%2C%22repoName%22%3A%22sbeuran%2Fcastoredc-technical-assignment%22%2C%22actor%22%3A%22sbeuran%22%2C%22slotName%22%3A%22production%22%2C%22commitMessage%22%3A%22fix%3A%20update%20deployment%20configuration%20for%20Windows%20web%20app%22%7D" X-Client-IP="13.83.11.136" X-Client-Port="1024" >
  <step title="ZipPushDeploy" date="2025-06-08T23:53:41.443" >
    <step title="ZipDeploy. Extract zip. Remote build." date="2025-06-08T23:53:41.447" /><!-- duration: 1ms -->
    <step title="Starting PushDeployAsync" date="2025-06-08T23:53:41.454" /><!-- duration: 2ms -->
    <step title="Writing artifact to /tmp/zipdeploy/aa3b20ed-c3c6-4be0-9538-51ad1bd6f009.zip" date="2025-06-08T23:53:41.469" >
      <step title="Writing multipart request body to /tmp/zipdeploy/aa3b20ed-c3c6-4be0-9538-51ad1bd6f009.zip" date="2025-06-08T23:53:41.471" /><!-- duration: 7ms -->
    </step><!-- duration: 30ms -->
    <step title="Removing previous build artifact&apos;s manifest file" date="2025-06-08T23:53:41.502" >
      <step title="Start deployment in the background" date="2025-06-08T23:53:41.510" >
        <step title="Acquiring Deployment Lock" date="2025-06-08T23:53:41.528" /><!-- duration: 1ms -->
        <step title="Acquired Deployment Lock" date="2025-06-08T23:53:41.552" /><!-- duration: 1ms -->
      </step><!-- duration: 84ms -->
    </step><!-- duration: 97ms -->
    <step title="Outgoing response" date="2025-06-08T23:53:41.601" type="response" statusCode="202" statusText="Accepted" /><!-- duration: 2ms -->
  </step><!-- duration: 162ms -->
