<step title="Incoming Request" date="2025-06-08T23:47:18.406" instance="dc7a13" url="/api/deployments/latest?deployer=GITHUB_ZIP_DEPLOY&amp;time=2025-06-08_23-46-10Z" method="GET" type="request" pid="769,1,20" Host="fruits-api-app.scm.azurewebsites.net" User-Agent="GITHUBACTIONS_DeployWebAppToAzure_7c029dfbf870a064ce012f6b308985b52fe40d3c984a00ece1c501bd9048455a" Authorization="Bas..." Content-Type="application/json; charset=utf-8" Cookie="ARRAffinity=dc7a138dfcb63bce17254cc4321cf14c9178fc6ae4c339b927686049d314ddf6;Path=/;HttpOnly;Secure;Domain=fruits-api-app.scm.azurewebsites.net; ARRAffinitySameSite=dc7a138dfcb63bce17254cc4321cf14c9178fc6ae4c339b927686049d314ddf6;Path=/;HttpOnly;SameSite=None;Secure;Domain=fruits-api-app.scm.azurewebsites.net" Content-Length="0" X-ARR-LOG-ID="6a1853cc-1941-4156-95bf-aad92da2ad2b" CLIENT-IP="20.42.45.90:24641" X-SITE-DEPLOYMENT-ID="fruits-api-app" WAS-DEFAULT-HOSTNAME="fruits-api-app.scm.azurewebsites.net" X-Forwarded-Proto="https" X-AppService-Proto="https" X-Forwarded-TlsVersion="1.3" X-WAWS-Unencoded-URL="/api/deployments/latest?deployer=GITHUB_ZIP_DEPLOY&amp;time=2025-06-08_23-46-10Z" X-Client-IP="20.42.45.90" X-Client-Port="24641" >
  <step title="Cleanup Xml Logs" date="2025-06-08T23:47:18.467" >
    <step title="Cleanup Infos" date="2025-06-08T23:47:18.539" totalFiles="253" totalCleanup="93" /><!-- duration: 19ms -->
  </step><!-- duration: 92ms -->
  <step title="DeploymentService.GetResult" date="2025-06-08T23:47:18.579" >
    <step title="DeploymentService.GetLatestDeployment" date="2025-06-08T23:47:18.598" >
      <step title="DeploymentManager.GetResults" date="2025-06-08T23:47:18.617" /><!-- duration: 765ms -->
      <step title="Deployment 1c02c0ee-81d5-4c82-9e80-576be73a4239 is Building" date="2025-06-08T23:47:19.384" /><!-- duration: 29ms -->
    </step><!-- duration: 885ms -->
  </step><!-- duration: 915ms -->
  <step title="Outgoing response" date="2025-06-08T23:47:19.554" type="response" statusCode="202" statusText="Accepted" /><!-- duration: 9ms -->
</step><!-- duration: 1189ms -->
