<step title="Incoming Request" date="2025-06-08T16:11:06.427" instance="dc7a13" url="/api/deployments/latest" method="GET" type="request" pid="770,1,19" Accept="*/*" Host="fruits-api-app.scm.azurewebsites.net" User-Agent="AZURECLI/2.74.0 (HOMEBREW)" Accept-Encoding="gzip, deflate" Authorization="Bas..." x-ms-client-request-id="114313a2-4483-11f0-a984-aa534ee4a209" X-ARR-LOG-ID="114313a2-4483-11f0-a984-aa534ee4a209" CLIENT-IP="89.115.70.77:49808" X-SITE-DEPLOYMENT-ID="fruits-api-app" WAS-DEFAULT-HOSTNAME="fruits-api-app.scm.azurewebsites.net" X-Forwarded-Proto="https" X-AppService-Proto="https" X-Forwarded-TlsVersion="1.3" X-WAWS-Unencoded-URL="/api/deployments/latest" X-Client-IP="89.115.70.77" X-Client-Port="49808" >
  <step title="Cleanup Xml Logs" date="2025-06-08T16:11:06.429" /><!-- duration: 17ms -->
  <step title="DeploymentService.GetResult" date="2025-06-08T16:11:06.469" >
    <step title="DeploymentService.GetLatestDeployment" date="2025-06-08T16:11:06.489" >
      <step title="DeploymentManager.GetResults" date="2025-06-08T16:11:06.497" /><!-- duration: 210ms -->
      <step title="Deployment e3c99d8e-a385-484e-9496-aff5280fce82 is Pending" date="2025-06-08T16:11:06.710" /><!-- duration: 8ms -->
    </step><!-- duration: 231ms -->
  </step><!-- duration: 259ms -->
  <step title="Outgoing response" date="2025-06-08T16:11:06.750" type="response" statusCode="202" statusText="Accepted" /><!-- duration: 18ms -->
</step><!-- duration: 353ms -->
