<step title="Incoming Request" date="2025-06-08T16:17:41.881" instance="dc7a13" url="/api/deployments/latest" method="GET" type="request" pid="774,1,7" Accept="*/*" Host="fruits-api-app.scm.azurewebsites.net" User-Agent="AZURECLI/2.74.0 (HOMEBREW)" Accept-Encoding="gzip, deflate" Authorization="Bas..." x-ms-client-request-id="04118712-4484-11f0-bae8-aa534ee4a209" X-ARR-LOG-ID="04118712-4484-11f0-bae8-aa534ee4a209" CLIENT-IP="89.115.70.77:50819" X-SITE-DEPLOYMENT-ID="fruits-api-app" WAS-DEFAULT-HOSTNAME="fruits-api-app.scm.azurewebsites.net" X-Forwarded-Proto="https" X-AppService-Proto="https" X-Forwarded-TlsVersion="1.3" X-WAWS-Unencoded-URL="/api/deployments/latest" X-Client-IP="89.115.70.77" X-Client-Port="50819" >
  <step title="Cleanup Xml Logs" date="2025-06-08T16:17:41.883" /><!-- duration: 8ms -->
  <step title="DeploymentService.GetResult" date="2025-06-08T16:17:41.901" >
    <step title="DeploymentService.GetLatestDeployment" date="2025-06-08T16:17:41.903" >
      <step title="DeploymentManager.GetResults" date="2025-06-08T16:17:41.905" /><!-- duration: 131ms -->
      <step title="Deployment temp-51ff3d9d is Pending" date="2025-06-08T16:17:42.037" /><!-- duration: 2ms -->
    </step><!-- duration: 138ms -->
  </step><!-- duration: 142ms -->
  <step title="Outgoing response" date="2025-06-08T16:17:42.048" type="response" statusCode="202" statusText="Accepted" /><!-- duration: 5ms -->
</step><!-- duration: 173ms -->
