<step title="BackgroundTrace" date="2025-06-09T08:21:18.822" instance="dc7a13" url="/api/zipdeploy" method="POST" >
  <step title="Creating temporary deployment - FetchDeploymentManager" date="2025-06-09T08:21:18.857" /><!-- duration: 2ms -->
  <step title="Creating temporary deployment" date="2025-06-09T08:21:18.870" /><!-- duration: 44ms -->
  <step title="Performing fetch based deployment" date="2025-06-09T08:21:18.931" >
    <step title="Cleaning up temp folders from previous zip deployments and extracting pushed zip file /tmp/zipdeploy/4192de02-9a91-44ba-9bad-497b5209bef2.zip (0.02 MB) to /tmp/zipdeploy/extracted" date="2025-06-09T08:21:20.428" >
      <step title="ChmodRecursive Process exited with total time taken in ms: 61" date="2025-06-09T08:21:20.571" /><!-- duration: 10ms -->
    </step><!-- duration: 171ms -->
    <step title="Deployment timer started" date="2025-06-09T08:21:22.612" >
      <step title="DeploymentManager.Deploy(id:eb233f23-d948-4882-aee7-75d3e111585e)" date="2025-06-09T08:21:22.622" >
        <step title="Collecting changeset information" date="2025-06-09T08:21:22.674" /><!-- duration: 96ms -->
        <step title="Updating submodules" date="2025-06-09T08:21:22.773" /><!-- duration: 1079ms -->
        <step title="Determining deployment builder" date="2025-06-09T08:21:23.999" >
          <step title="Builder is OryxBuilder" date="2025-06-09T08:21:24.017" /><!-- duration: 2ms -->
        </step><!-- duration: 22ms -->
        <step title="PreDeployment: context.CleanOutputPath False" date="2025-06-09T08:21:24.063" >
          <step title="PreDeployment: context.OutputPath /home/site/wwwroot" date="2025-06-09T08:21:24.159" >
            <step title="Building" date="2025-06-09T08:21:24.278" >
              <step title="Executing external process" date="2025-06-09T08:21:24.569" type="process" path="bash" arguments="-c &quot;oryx build /tmp/zipdeploy/extracted -o /home/site/wwwroot --platform python --platform-version 3.11 -p virtualenv_name=antenv --log-file /tmp/build-debug.log  -i /tmp/8dda72e9f59e123 --compress-destination-dir | tee /tmp/oryx-build.log ; exit $PIPESTATUS &quot;" >
                <step title="Cpu: python(9675,28.560s)+ts(9676,0.140s)+build.sh(9674,0.000s)+build.sh(9673,0.000s)+build.sh(9587,0.040s)+oryx(9569,3.520s)+tee(9570,0.000s)+bash(9568,0.000s)=total(32.250s)" date="2025-06-09T08:22:58.369" /><!-- duration: 11ms -->
                <step title="bash: no io activity for 60s, prev-cpu=-1.000s, current-cpu=32.250s" date="2025-06-09T08:22:58.391" /><!-- duration: 19ms -->
              </step><!-- duration: 146134ms -->
              <step title="Using PythonDeploymentLogParser" date="2025-06-09T08:23:50.984" /><!-- duration: 7ms -->
              <step title="Triggering recycle (preview mode disabled)." date="2025-06-09T08:23:52.415" /><!-- duration: 2ms -->
              <step title="Modified file to trigger a restart of the app container." date="2025-06-09T08:23:52.457" /><!-- duration: 11ms -->
              <step title="Skip function trigger and logicapp sync because function is not enabled." date="2025-06-09T08:23:52.486" /><!-- duration: 2ms -->
              <step title="Purge deployment items" date="2025-06-09T08:23:53.210" >
                <step title="Remove 337abcf3-, Success, received at 06/08/2025 15:46:17" date="2025-06-09T08:23:53.244" /><!-- duration: 2ms -->
              </step><!-- duration: 39ms -->
            </step><!-- duration: 149043ms -->
          </step><!-- duration: 149165ms -->
          <step title="Cleaning up temp files" date="2025-06-09T08:23:53.325" /><!-- duration: 2153ms -->
          <step title="Cleaning up temp files" date="2025-06-09T08:23:55.479" /><!-- duration: 510ms -->
          <step title="Reloading status file with latest updates" date="2025-06-09T08:23:56.013" >
            <step title="WebHooksManager.PublishEventAsync: PostDeployment" date="2025-06-09T08:23:56.020" /><!-- duration: 60ms -->
          </step><!-- duration: 71ms -->
          <step title="Cleaning up temporary deployment - fetch deployment was successful" date="2025-06-09T08:23:56.101" /><!-- duration: 2ms -->
        </step><!-- duration: 152129ms -->
      </step><!-- duration: 153610ms -->
