<step title="Incoming Request" date="2025-06-08T23:53:54.730" instance="dc7a13" url="/api/deployments/latest?deployer=GITHUB_ZIP_DEPLOY&amp;time=2025-06-08_23-53-41Z" method="GET" type="request" pid="769,1,18" Host="fruits-api-app.scm.azurewebsites.net" User-Agent="GITHUBACTIONS_DeployWebAppToAzure_7c029dfbf870a064ce012f6b308985b52fe40d3c984a00ece1c501bd9048455a" Authorization="Bas..." Content-Type="application/json; charset=utf-8" Cookie="ARRAffinity=dc7a138dfcb63bce17254cc4321cf14c9178fc6ae4c339b927686049d314ddf6;Path=/;HttpOnly;Secure;Domain=fruits-api-app.scm.azurewebsites.net; ARRAffinitySameSite=dc7a138dfcb63bce17254cc4321cf14c9178fc6ae4c339b927686049d314ddf6;Path=/;HttpOnly;SameSite=None;Secure;Domain=fruits-api-app.scm.azurewebsites.net" Content-Length="0" X-ARR-LOG-ID="bc8ed2d4-d216-4d94-88ec-c0ce2dbf97fd" CLIENT-IP="13.83.11.136:1024" X-SITE-DEPLOYMENT-ID="fruits-api-app" WAS-DEFAULT-HOSTNAME="fruits-api-app.scm.azurewebsites.net" X-Forwarded-Proto="https" X-AppService-Proto="https" X-Forwarded-TlsVersion="1.3" X-WAWS-Unencoded-URL="/api/deployments/latest?deployer=GITHUB_ZIP_DEPLOY&amp;time=2025-06-08_23-53-41Z" X-Client-IP="13.83.11.136" X-Client-Port="1024" >
  <step title="Cleanup Xml Logs" date="2025-06-08T23:53:54.732" >
    <step title="Cleanup Infos" date="2025-06-08T23:53:54.737" totalFiles="272" totalCleanup="112" /><!-- duration: 8ms -->
  </step><!-- duration: 16ms -->
  <step title="DeploymentService.GetResult" date="2025-06-08T23:53:54.759" >
    <step title="DeploymentService.GetLatestDeployment" date="2025-06-08T23:53:54.765" >
      <step title="DeploymentManager.GetResults" date="2025-06-08T23:53:54.768" /><!-- duration: 478ms -->
      <step title="Deployment 5059e60b-a635-451f-958b-5b223ae529b8 is Building" date="2025-06-08T23:53:55.247" /><!-- duration: 8ms -->
    </step><!-- duration: 492ms -->
  </step><!-- duration: 507ms -->
  <step title="Outgoing response" date="2025-06-08T23:53:55.268" type="response" statusCode="202" statusText="Accepted" /><!-- duration: 9ms -->
</step><!-- duration: 548ms -->
