<step title="Incoming Request" date="2025-06-09T08:01:18.575" instance="dc7a13" url="/api/deployments/latest?deployer=GITHUB_ZIP_DEPLOY&amp;time=2025-06-09_08-01-03Z" method="GET" type="request" pid="769,1,60" Host="fruits-api-app.scm.azurewebsites.net" User-Agent="GITHUBACTIONS_DeployWebAppToAzure_7c029dfbf870a064ce012f6b308985b52fe40d3c984a00ece1c501bd9048455a" Authorization="Bas..." Content-Type="application/json; charset=utf-8" Cookie="ARRAffinity=dc7a138dfcb63bce17254cc4321cf14c9178fc6ae4c339b927686049d314ddf6;Path=/;HttpOnly;Secure;Domain=fruits-api-app.scm.azurewebsites.net; ARRAffinitySameSite=dc7a138dfcb63bce17254cc4321cf14c9178fc6ae4c339b927686049d314ddf6;Path=/;HttpOnly;SameSite=None;Secure;Domain=fruits-api-app.scm.azurewebsites.net" Content-Length="0" X-ARR-LOG-ID="ae5f91ba-43e0-435a-a55e-1ddf29fec134" CLIENT-IP="13.67.176.49:1984" X-SITE-DEPLOYMENT-ID="fruits-api-app" WAS-DEFAULT-HOSTNAME="fruits-api-app.scm.azurewebsites.net" X-Forwarded-Proto="https" X-AppService-Proto="https" X-Forwarded-TlsVersion="1.3" X-WAWS-Unencoded-URL="/api/deployments/latest?deployer=GITHUB_ZIP_DEPLOY&amp;time=2025-06-09_08-01-03Z" X-Client-IP="13.67.176.49" X-Client-Port="1984" >
  <step title="Cleanup Xml Logs" date="2025-06-09T08:01:18.578" >
    <step title="Cleanup Infos" date="2025-06-09T08:01:18.625" totalFiles="358" totalCleanup="198" /><!-- duration: 19ms -->
  </step><!-- duration: 77ms -->
  <step title="DeploymentService.GetResult" date="2025-06-09T08:01:18.696" >
    <step title="DeploymentService.GetLatestDeployment" date="2025-06-09T08:01:18.714" >
      <step title="DeploymentManager.GetResults" date="2025-06-09T08:01:18.724" /><!-- duration: 821ms -->
      <step title="Deployment b72ef0c2-8761-497f-aa52-ea993926f1e4 is Building" date="2025-06-09T08:01:19.555" /><!-- duration: 2ms -->
    </step><!-- duration: 851ms -->
  </step><!-- duration: 872ms -->
  <step title="Outgoing response" date="2025-06-09T08:01:19.578" type="response" statusCode="202" statusText="Accepted" /><!-- duration: 8ms -->
</step><!-- duration: 1013ms -->
