<step title="Incoming Request" date="2025-06-08T23:41:32.875" instance="dc7a13" url="/api/zipdeploy?isAsync=true&amp;deployer=GITHUB_ZIP_DEPLOY&amp;message=%7B%22type%22%3A%22deployment%22%2C%22sha%22%3A%2280f9feb044669b31c558d0fabd48590fdc242f9b%22%2C%22repoName%22%3A%22sbeuran%2Fcastoredc-technical-assignment%22%2C%22actor%22%3A%22sbeuran%22%2C%22slotName%22%3A%22production%22%2C%22commitMessage%22%3A%22fix%3A%20update%20web.config%20with%20proper%20Python%20paths%5Cn%5Cn-%20Added%20explicit%20paths%20to%20Python%20and%20gunicorn%5Cn-%20Set%20correct%20working%20directory%5Cn-%20Added%20environment%20variables%5Cn-%20Enabled%20logging%20for%20better%20debugging%22%7D" method="POST" type="request" pid="769,1,29" Host="fruits-api-app.scm.azurewebsites.net" User-Agent="GITHUBACTIONS_DeployWebAppToAzure_7c029dfbf870a064ce012f6b308985b52fe40d3c984a00ece1c501bd9048455a" Authorization="Bas..." Content-Type="application/octet-stream" Cookie="ARRAffinity=dc7a138dfcb63bce17254cc4321cf14c9178fc6ae4c339b927686049d314ddf6;Path=/;HttpOnly;Secure;Domain=fruits-api-app.scm.azurewebsites.net; ARRAffinitySameSite=dc7a138dfcb63bce17254cc4321cf14c9178fc6ae4c339b927686049d314ddf6;Path=/;HttpOnly;SameSite=None;Secure;Domain=fruits-api-app.scm.azurewebsites.net" Transfer-Encoding="chunked" X-ARR-LOG-ID="7e46ba28-a488-4c44-952f-07abaff5b5c8" CLIENT-IP="40.84.21.253:1984" X-SITE-DEPLOYMENT-ID="fruits-api-app" WAS-DEFAULT-HOSTNAME="fruits-api-app.scm.azurewebsites.net" X-Forwarded-Proto="https" X-AppService-Proto="https" X-Forwarded-TlsVersion="1.3" X-WAWS-Unencoded-URL="/api/zipdeploy?isAsync=true&amp;deployer=GITHUB_ZIP_DEPLOY&amp;message=%7B%22type%22%3A%22deployment%22%2C%22sha%22%3A%2280f9feb044669b31c558d0fabd48590fdc242f9b%22%2C%22repoName%22%3A%22sbeuran%2Fcastoredc-technical-assignment%22%2C%22actor%22%3A%22sbeuran%22%2C%22slotName%22%3A%22production%22%2C%22commitMessage%22%3A%22fix%3A%20update%20web.config%20with%20proper%20Python%20paths%5Cn%5Cn-%20Added%20explicit%20paths%20to%20Python%20and%20gunicorn%5Cn-%20Set%20correct%20working%20directory%5Cn-%20Added%20environment%20variables%5Cn-%20Enabled%20logging%20for%20better%20debugging%22%7D" X-Client-IP="40.84.21.253" X-Client-Port="1984" >
  <step title="ZipPushDeploy" date="2025-06-08T23:41:32.884" >
    <step title="ZipDeploy. Extract zip. Remote build." date="2025-06-08T23:41:32.888" /><!-- duration: 3ms -->
    <step title="Starting PushDeployAsync" date="2025-06-08T23:41:32.895" /><!-- duration: 2ms -->
    <step title="Writing artifact to /tmp/zipdeploy/c65f28eb-9194-4fa1-9ffb-828425094e93.zip" date="2025-06-08T23:41:32.912" >
      <step title="Writing multipart request body to /tmp/zipdeploy/c65f28eb-9194-4fa1-9ffb-828425094e93.zip" date="2025-06-08T23:41:32.914" /><!-- duration: 6ms -->
    </step><!-- duration: 30ms -->
    <step title="Removing previous build artifact&apos;s manifest file" date="2025-06-08T23:41:32.951" >
      <step title="Start deployment in the background" date="2025-06-08T23:41:32.960" >
        <step title="Acquiring Deployment Lock" date="2025-06-08T23:41:32.980" /><!-- duration: 2ms -->
        <step title="Acquired Deployment Lock" date="2025-06-08T23:41:33.003" /><!-- duration: 2ms -->
      </step><!-- duration: 105ms -->
    </step><!-- duration: 121ms -->
    <step title="Outgoing response" date="2025-06-08T23:41:33.074" type="response" statusCode="202" statusText="Accepted" /><!-- duration: 1ms -->
  </step><!-- duration: 193ms -->
