<step title="Incoming Request" date="2025-06-09T08:11:16.180" instance="dc7a13" url="/api/deployments/latest?deployer=GITHUB_ZIP_DEPLOY&amp;time=2025-06-09_08-10-31Z" method="GET" type="request" pid="769,1,52" Host="fruits-api-app.scm.azurewebsites.net" User-Agent="GITHUBACTIONS_DeployWebAppToAzure_7c029dfbf870a064ce012f6b308985b52fe40d3c984a00ece1c501bd9048455a" Authorization="Bas..." Content-Type="application/json; charset=utf-8" Cookie="ARRAffinity=dc7a138dfcb63bce17254cc4321cf14c9178fc6ae4c339b927686049d314ddf6;Path=/;HttpOnly;Secure;Domain=fruits-api-app.scm.azurewebsites.net; ARRAffinitySameSite=dc7a138dfcb63bce17254cc4321cf14c9178fc6ae4c339b927686049d314ddf6;Path=/;HttpOnly;SameSite=None;Secure;Domain=fruits-api-app.scm.azurewebsites.net" Content-Length="0" X-ARR-LOG-ID="cd1638b9-5756-43f0-a783-8e6b94f21436" CLIENT-IP="68.154.17.16:1985" X-SITE-DEPLOYMENT-ID="fruits-api-app" WAS-DEFAULT-HOSTNAME="fruits-api-app.scm.azurewebsites.net" X-Forwarded-Proto="https" X-AppService-Proto="https" X-Forwarded-TlsVersion="1.3" X-WAWS-Unencoded-URL="/api/deployments/latest?deployer=GITHUB_ZIP_DEPLOY&amp;time=2025-06-09_08-10-31Z" X-Client-IP="68.154.17.16" X-Client-Port="1985" >
  <step title="Cleanup Xml Logs" date="2025-06-09T08:11:16.182" >
    <step title="Cleanup Infos" date="2025-06-09T08:11:16.220" totalFiles="392" totalCleanup="232" /><!-- duration: 12ms -->
  </step><!-- duration: 59ms -->
  <step title="DeploymentService.GetResult" date="2025-06-09T08:11:16.252" >
    <step title="DeploymentService.GetLatestDeployment" date="2025-06-09T08:11:16.270" >
      <step title="DeploymentManager.GetResults" date="2025-06-09T08:11:16.273" /><!-- duration: 581ms -->
      <step title="Deployment 98918a74-0fd8-4360-acfb-b7ba2d72b5c5 is Building" date="2025-06-09T08:11:16.856" /><!-- duration: 10ms -->
    </step><!-- duration: 604ms -->
  </step><!-- duration: 641ms -->
  <step title="Outgoing response" date="2025-06-09T08:11:16.896" type="response" statusCode="202" statusText="Accepted" /><!-- duration: 19ms -->
</step><!-- duration: 735ms -->
