<step title="Incoming Request" date="2025-06-09T08:01:25.133" instance="dc7a13" url="/api/deployments/latest?deployer=GITHUB_ZIP_DEPLOY&amp;time=2025-06-09_08-01-03Z" method="GET" type="request" pid="769,1,60" Host="fruits-api-app.scm.azurewebsites.net" User-Agent="GITHUBACTIONS_DeployWebAppToAzure_7c029dfbf870a064ce012f6b308985b52fe40d3c984a00ece1c501bd9048455a" Authorization="Bas..." Content-Type="application/json; charset=utf-8" Cookie="ARRAffinity=dc7a138dfcb63bce17254cc4321cf14c9178fc6ae4c339b927686049d314ddf6;Path=/;HttpOnly;Secure;Domain=fruits-api-app.scm.azurewebsites.net; ARRAffinitySameSite=dc7a138dfcb63bce17254cc4321cf14c9178fc6ae4c339b927686049d314ddf6;Path=/;HttpOnly;SameSite=None;Secure;Domain=fruits-api-app.scm.azurewebsites.net" Content-Length="0" X-ARR-LOG-ID="77578e48-a4ab-4f01-9d54-bc1d0352ff3b" CLIENT-IP="13.67.176.49:1985" X-SITE-DEPLOYMENT-ID="fruits-api-app" WAS-DEFAULT-HOSTNAME="fruits-api-app.scm.azurewebsites.net" X-Forwarded-Proto="https" X-AppService-Proto="https" X-Forwarded-TlsVersion="1.3" X-WAWS-Unencoded-URL="/api/deployments/latest?deployer=GITHUB_ZIP_DEPLOY&amp;time=2025-06-09_08-01-03Z" X-Client-IP="13.67.176.49" X-Client-Port="1985" >
  <step title="Cleanup Xml Logs" date="2025-06-09T08:01:25.153" >
    <step title="Cleanup Infos" date="2025-06-09T08:01:25.194" totalFiles="359" totalCleanup="199" /><!-- duration: 18ms -->
  </step><!-- duration: 61ms -->
  <step title="DeploymentService.GetResult" date="2025-06-09T08:01:25.253" >
    <step title="DeploymentService.GetLatestDeployment" date="2025-06-09T08:01:25.255" >
      <step title="DeploymentManager.GetResults" date="2025-06-09T08:01:25.274" /><!-- duration: 653ms -->
      <step title="Deployment b72ef0c2-8761-497f-aa52-ea993926f1e4 is Building" date="2025-06-09T08:01:25.928" /><!-- duration: 8ms -->
    </step><!-- duration: 683ms -->
  </step><!-- duration: 687ms -->
  <step title="Outgoing response" date="2025-06-09T08:01:25.956" type="response" statusCode="202" statusText="Accepted" /><!-- duration: 2ms -->
</step><!-- duration: 826ms -->
