<step title="BackgroundTrace" date="2025-06-09T08:10:30.916" instance="dc7a13" url="/api/zipdeploy" method="POST" >
  <step title="Creating temporary deployment - FetchDeploymentManager" date="2025-06-09T08:10:31.045" /><!-- duration: 2ms -->
  <step title="Creating temporary deployment" date="2025-06-09T08:10:31.085" /><!-- duration: 82ms -->
  <step title="Performing fetch based deployment" date="2025-06-09T08:10:31.268" >
    <step title="Cleaning up temp folders from previous zip deployments and extracting pushed zip file /tmp/zipdeploy/6a63b9f8-b77e-4e7c-a8a0-33f796200c77.zip (0.02 MB) to /tmp/zipdeploy/extracted" date="2025-06-09T08:10:32.534" >
      <step title="ChmodRecursive Process exited with total time taken in ms: 89" date="2025-06-09T08:10:32.739" /><!-- duration: 10ms -->
    </step><!-- duration: 223ms -->
    <step title="Deployment timer started" date="2025-06-09T08:10:34.799" >
      <step title="DeploymentManager.Deploy(id:98918a74-0fd8-4360-acfb-b7ba2d72b5c5)" date="2025-06-09T08:10:34.807" >
        <step title="Collecting changeset information" date="2025-06-09T08:10:34.850" /><!-- duration: 79ms -->
        <step title="Updating submodules" date="2025-06-09T08:10:34.934" /><!-- duration: 1152ms -->
        <step title="Determining deployment builder" date="2025-06-09T08:10:36.650" >
          <step title="Builder is OryxBuilder" date="2025-06-09T08:10:36.703" /><!-- duration: 9ms -->
        </step><!-- duration: 83ms -->
        <step title="PreDeployment: context.CleanOutputPath False" date="2025-06-09T08:10:36.795" >
          <step title="PreDeployment: context.OutputPath /home/site/wwwroot" date="2025-06-09T08:10:36.954" >
            <step title="Building" date="2025-06-09T08:10:37.226" >
              <step title="Executing external process" date="2025-06-09T08:10:37.839" type="process" path="bash" arguments="-c &quot;oryx build /tmp/zipdeploy/extracted -o /home/site/wwwroot --platform python --platform-version 3.11 -p virtualenv_name=antenv --log-file /tmp/build-debug.log  -i /tmp/8dda72d1d89fe6e --compress-destination-dir | tee /tmp/oryx-build.log ; exit $PIPESTATUS &quot;" /><!-- duration: 143979ms -->
              <step title="Using PythonDeploymentLogParser" date="2025-06-09T08:13:02.152" /><!-- duration: 2ms -->
              <step title="Triggering recycle (preview mode disabled)." date="2025-06-09T08:13:03.529" /><!-- duration: 7ms -->
              <step title="Modified file to trigger a restart of the app container." date="2025-06-09T08:13:03.558" /><!-- duration: 1ms -->
              <step title="Skip function trigger and logicapp sync because function is not enabled." date="2025-06-09T08:13:03.576" /><!-- duration: 20ms -->
            </step><!-- duration: 147832ms -->
          </step><!-- duration: 148112ms -->
          <step title="Cleaning up temp files" date="2025-06-09T08:13:05.068" /><!-- duration: 2307ms -->
          <step title="Cleaning up temp files" date="2025-06-09T08:13:07.405" /><!-- duration: 543ms -->
          <step title="Reloading status file with latest updates" date="2025-06-09T08:13:07.991" >
            <step title="WebHooksManager.PublishEventAsync: PostDeployment" date="2025-06-09T08:13:08.019" /><!-- duration: 101ms -->
          </step><!-- duration: 131ms -->
          <step title="Cleaning up temporary deployment - fetch deployment was successful" date="2025-06-09T08:13:08.191" /><!-- duration: 18ms -->
        </step><!-- duration: 151547ms -->
      </step><!-- duration: 153593ms -->
