<step title="Incoming Request" date="2025-06-09T08:33:36.264" instance="dc7a13" url="/api/deployments/latest?deployer=GITHUB_ZIP_DEPLOY&amp;time=2025-06-09_08-31-25Z" method="GET" type="request" pid="769,1,50" Host="fruits-api-app.scm.azurewebsites.net" User-Agent="GITHUBACTIONS_DeployWebAppToAzure_7c029dfbf870a064ce012f6b308985b52fe40d3c984a00ece1c501bd9048455a" Authorization="Bas..." Content-Type="application/json; charset=utf-8" Cookie="ARRAffinity=dc7a138dfcb63bce17254cc4321cf14c9178fc6ae4c339b927686049d314ddf6;Path=/;HttpOnly;Secure;Domain=fruits-api-app.scm.azurewebsites.net; ARRAffinitySameSite=dc7a138dfcb63bce17254cc4321cf14c9178fc6ae4c339b927686049d314ddf6;Path=/;HttpOnly;SameSite=None;Secure;Domain=fruits-api-app.scm.azurewebsites.net" Content-Length="0" X-ARR-LOG-ID="e5f9e721-80b8-49b4-83f1-bffdfc1ee5d8" CLIENT-IP="104.42.29.251:1984" X-SITE-DEPLOYMENT-ID="fruits-api-app" WAS-DEFAULT-HOSTNAME="fruits-api-app.scm.azurewebsites.net" X-Forwarded-Proto="https" X-AppService-Proto="https" X-Forwarded-TlsVersion="1.3" X-WAWS-Unencoded-URL="/api/deployments/latest?deployer=GITHUB_ZIP_DEPLOY&amp;time=2025-06-09_08-31-25Z" X-Client-IP="104.42.29.251" X-Client-Port="1984" >
  <step title="Cleanup Xml Logs" date="2025-06-09T08:33:36.266" >
    <step title="Cleanup Infos" date="2025-06-09T08:33:36.295" totalFiles="459" totalCleanup="299" /><!-- duration: 19ms -->
  </step><!-- duration: 50ms -->
  <step title="DeploymentService.GetResult" date="2025-06-09T08:33:36.346" >
    <step title="DeploymentService.GetLatestDeployment" date="2025-06-09T08:33:36.354" >
      <step title="DeploymentManager.GetResults" date="2025-06-09T08:33:36.356" /><!-- duration: 763ms -->
      <step title="Deployment 394e3c45-840d-42ce-acd6-4235f638c26c is Building" date="2025-06-09T08:33:37.121" /><!-- duration: 8ms -->
    </step><!-- duration: 777ms -->
  </step><!-- duration: 793ms -->
  <step title="Outgoing response" date="2025-06-09T08:33:37.150" type="response" statusCode="202" statusText="Accepted" /><!-- duration: 9ms -->
</step><!-- duration: 905ms -->
