<step title="Incoming Request" date="2025-06-08T23:14:28.818" instance="dc7a13" url="/api/deployments/latest?deployer=GITHUB_ZIP_DEPLOY&amp;time=2025-06-08_23-14-21Z" method="GET" type="request" pid="769,1,24" Host="fruits-api-app.scm.azurewebsites.net" User-Agent="GITHUBACTIONS_DeployWebAppToAzure_7c029dfbf870a064ce012f6b308985b52fe40d3c984a00ece1c501bd9048455a" Authorization="Bas..." Content-Type="application/json; charset=utf-8" Cookie="ARRAffinity=dc7a138dfcb63bce17254cc4321cf14c9178fc6ae4c339b927686049d314ddf6;Path=/;HttpOnly;Secure;Domain=fruits-api-app.scm.azurewebsites.net; ARRAffinitySameSite=dc7a138dfcb63bce17254cc4321cf14c9178fc6ae4c339b927686049d314ddf6;Path=/;HttpOnly;SameSite=None;Secure;Domain=fruits-api-app.scm.azurewebsites.net" Content-Length="0" X-ARR-LOG-ID="8e22cdcf-c5c4-4807-85d5-0f220a8cc60e" CLIENT-IP="172.173.147.48:13569" X-SITE-DEPLOYMENT-ID="fruits-api-app" WAS-DEFAULT-HOSTNAME="fruits-api-app.scm.azurewebsites.net" X-Forwarded-Proto="https" X-AppService-Proto="https" X-Forwarded-TlsVersion="1.3" X-WAWS-Unencoded-URL="/api/deployments/latest?deployer=GITHUB_ZIP_DEPLOY&amp;time=2025-06-08_23-14-21Z" X-Client-IP="172.173.147.48" X-Client-Port="13569" >
  <step title="Cleanup Xml Logs" date="2025-06-08T23:14:28.830" /><!-- duration: 14ms -->
  <step title="DeploymentService.GetResult" date="2025-06-08T23:14:28.854" >
    <step title="DeploymentService.GetLatestDeployment" date="2025-06-08T23:14:28.857" >
      <step title="DeploymentManager.GetResults" date="2025-06-08T23:14:28.859" /><!-- duration: 149ms -->
      <step title="Deployment temp-0a19d832 is Pending" date="2025-06-08T23:14:29.010" /><!-- duration: 1ms -->
    </step><!-- duration: 157ms -->
  </step><!-- duration: 163ms -->
  <step title="Outgoing response" date="2025-06-08T23:14:29.026" type="response" statusCode="202" statusText="Accepted" /><!-- duration: 9ms -->
</step><!-- duration: 223ms -->
