<step title="BackgroundTrace" date="2025-06-09T09:21:00.360" instance="dc7a13" url="/api/zipdeploy" method="POST" >
  <step title="Creating temporary deployment - FetchDeploymentManager" date="2025-06-09T09:21:00.428" /><!-- duration: 2ms -->
  <step title="Creating temporary deployment" date="2025-06-09T09:21:00.452" /><!-- duration: 131ms -->
  <step title="Performing fetch based deployment" date="2025-06-09T09:21:00.666" >
    <step title="Deployment timer started" date="2025-06-09T09:21:03.948" >
      <step title="DeploymentManager.Deploy(id:338658e9-7823-4177-a80a-1f495c431801)" date="2025-06-09T09:21:03.967" >
        <step title="Collecting changeset information" date="2025-06-09T09:21:03.990" /><!-- duration: 84ms -->
        <step title="Updating submodules" date="2025-06-09T09:21:04.078" /><!-- duration: 1091ms -->
        <step title="Determining deployment builder" date="2025-06-09T09:21:05.373" >
          <step title="Builder is RunFromZipSiteBuilder" date="2025-06-09T09:21:05.397" /><!-- duration: 2ms -->
        </step><!-- duration: 33ms -->
        <step title="PreDeployment: context.CleanOutputPath False" date="2025-06-09T09:21:05.433" >
          <step title="PreDeployment: context.OutputPath /home/site/wwwroot" date="2025-06-09T09:21:05.531" >
            <step title="Building" date="2025-06-09T09:21:05.630" >
              <step title="Triggering recycle (preview mode disabled)." date="2025-06-09T09:21:05.912" /><!-- duration: 5ms -->
              <step title="Modified file to trigger a restart of the app container." date="2025-06-09T09:21:05.943" /><!-- duration: 1ms -->
              <step title="Skip function trigger and logicapp sync because function is not enabled." date="2025-06-09T09:21:05.947" /><!-- duration: 2ms -->
              <step title="Purge deployment items" date="2025-06-09T09:21:06.776" >
                <step title="Remove 1c02c0ee-, Success, received at 06/08/2025 23:46:13" date="2025-06-09T09:21:06.816" /><!-- duration: 1ms -->
              </step><!-- duration: 46ms -->
            </step><!-- duration: 1241ms -->
          </step><!-- duration: 1343ms -->
          <step title="Cleaning up temp files" date="2025-06-09T09:21:06.877" /><!-- duration: 6ms -->
          <step title="Cleaning up temp files" date="2025-06-09T09:21:06.885" /><!-- duration: 512ms -->
          <step title="Reloading status file with latest updates" date="2025-06-09T09:21:07.681" >
            <step title="WebHooksManager.PublishEventAsync: PostDeployment" date="2025-06-09T09:21:07.687" /><!-- duration: 117ms -->
          </step><!-- duration: 127ms -->
          <step title="Cleaning up temporary deployment - fetch deployment was successful" date="2025-06-09T09:21:07.811" /><!-- duration: 2ms -->
        </step><!-- duration: 2478ms -->
      </step><!-- duration: 3961ms -->
