<step title="Incoming Request" date="2025-06-08T23:26:34.041" instance="dc7a13" url="/api/deployments/latest?deployer=GITHUB_ZIP_DEPLOY&amp;time=2025-06-08_23-26-27Z" method="GET" type="request" pid="769,1,32" Host="fruits-api-app.scm.azurewebsites.net" User-Agent="GITHUBACTIONS_DeployWebAppToAzure_7c029dfbf870a064ce012f6b308985b52fe40d3c984a00ece1c501bd9048455a" Authorization="Bas..." Content-Type="application/json; charset=utf-8" Cookie="ARRAffinity=dc7a138dfcb63bce17254cc4321cf14c9178fc6ae4c339b927686049d314ddf6;Path=/;HttpOnly;Secure;Domain=fruits-api-app.scm.azurewebsites.net; ARRAffinitySameSite=dc7a138dfcb63bce17254cc4321cf14c9178fc6ae4c339b927686049d314ddf6;Path=/;HttpOnly;SameSite=None;Secure;Domain=fruits-api-app.scm.azurewebsites.net" Content-Length="0" X-ARR-LOG-ID="e4f7a96c-4f73-442e-a469-268e6ad54595" CLIENT-IP="20.25.202.212:1985" X-SITE-DEPLOYMENT-ID="fruits-api-app" WAS-DEFAULT-HOSTNAME="fruits-api-app.scm.azurewebsites.net" X-Forwarded-Proto="https" X-AppService-Proto="https" X-Forwarded-TlsVersion="1.3" X-WAWS-Unencoded-URL="/api/deployments/latest?deployer=GITHUB_ZIP_DEPLOY&amp;time=2025-06-08_23-26-27Z" X-Client-IP="20.25.202.212" X-Client-Port="1985" >
  <step title="Cleanup Xml Logs" date="2025-06-08T23:26:34.063" /><!-- duration: 17ms -->
  <step title="DeploymentService.GetResult" date="2025-06-08T23:26:34.106" >
    <step title="DeploymentService.GetLatestDeployment" date="2025-06-08T23:26:34.110" >
      <step title="DeploymentManager.GetResults" date="2025-06-08T23:26:34.125" /><!-- duration: 616ms -->
      <step title="Deployment temp-4c00ccd0 is Pending" date="2025-06-08T23:26:34.744" /><!-- duration: 1ms -->
    </step><!-- duration: 638ms -->
  </step><!-- duration: 644ms -->
  <step title="Outgoing response" date="2025-06-08T23:26:34.760" type="response" statusCode="202" statusText="Accepted" /><!-- duration: 2ms -->
</step><!-- duration: 728ms -->
