<step title="Incoming Request" date="2025-06-08T16:10:54.952" instance="dc7a13" url="/api/deployments/latest" method="GET" type="request" pid="770,1,19" Accept="*/*" Host="fruits-api-app.scm.azurewebsites.net" User-Agent="AZURECLI/2.74.0 (HOMEBREW)" Accept-Encoding="gzip, deflate" Authorization="Bas..." x-ms-client-request-id="114313a2-4483-11f0-a984-aa534ee4a209" X-ARR-LOG-ID="114313a2-4483-11f0-a984-aa534ee4a209" CLIENT-IP="89.115.70.77:49779" X-SITE-DEPLOYMENT-ID="fruits-api-app" WAS-DEFAULT-HOSTNAME="fruits-api-app.scm.azurewebsites.net" X-Forwarded-Proto="https" X-AppService-Proto="https" X-Forwarded-TlsVersion="1.3" X-WAWS-Unencoded-URL="/api/deployments/latest" X-Client-IP="89.115.70.77" X-Client-Port="49779" >
  <step title="Cleanup Xml Logs" date="2025-06-08T16:10:54.954" /><!-- duration: 37ms -->
  <step title="DeploymentService.GetResult" date="2025-06-08T16:10:55.004" >
    <step title="DeploymentService.GetLatestDeployment" date="2025-06-08T16:10:55.022" >
      <step title="DeploymentManager.GetResults" date="2025-06-08T16:10:55.024" /><!-- duration: 461ms -->
      <step title="Deployment temp-1a976b6d is Pending" date="2025-06-08T16:10:55.487" /><!-- duration: 19ms -->
    </step><!-- duration: 514ms -->
  </step><!-- duration: 543ms -->
  <step title="Outgoing response" date="2025-06-08T16:10:55.678" type="response" statusCode="202" statusText="Accepted" /><!-- duration: 40ms -->
</step><!-- duration: 784ms -->
