﻿<?xml version="1.0" encoding="utf-8"?>
<deployment>
  <id>f8e2895f-2cf9-4373-a077-2f3e52a65aed</id>
  <author>N/A</author>
  <deployer>GITHUB_ZIP_DEPLOY</deployer>
  <authorEmail>N/A</authorEmail>
  <message>{"type":"deployment","sha":"a5d9ad8d2367edaffc09cc1722b7d2a01727ea4e","repoName":"sbeuran/castoredc-technical-assignment","actor":"sbeuran","slotName":"production","commitMessage":"fix: update startup command with correct Python path and logging"}</message>
  <progress></progress>
  <status>Success</status>
  <statusText></statusText>
  <lastSuccessEndTime>2025-06-08T23:59:46.1148559Z</lastSuccessEndTime>
  <receivedTime>2025-06-08T23:57:47.1458204Z</receivedTime>
  <startTime>2025-06-08T23:57:48.4445329Z</startTime>
  <endTime>2025-06-08T23:59:46.1148559Z</endTime>
  <complete>True</complete>
  <is_temp>False</is_temp>
  <is_readonly>True</is_readonly>
  <buildSummary />
</deployment>